"0,2-d","1,2-d","3,2-d"
0,0,0
6,3,3
6,3,3
6,3,3
0,0,0
0,0,0
59,13,6
43,6,6
43,6,6
31,6,6
31,6,6
15,6,6
15,6,6
15,6,6
15,6,6
15,6,6
15,6,6
15,6,6
15,6,6
15,6,6
15,6,6
15,6,6
0,0,0
15,6,6
15,6,6
15,6,6
15,6,6
15,6,6
15,6,6
15,6,6
15,6,6
15,6,6
0,0,0
15,6,6
15,6,6
15,6,6
15,6,6
15,6,6
15,6,6
15,6,6
15,6,6
15,6,6
15,6,6
15,6,6
15,6,6
9,0,0
8,1,0
9,2,0
11,4,3
10,3,3
9,2,0
11,4,3
15,6,6
15,6,6
15,6,6
0,0,0
0,0,0
16,5,0
10,2,0
10,2,0
19,7,6
19,7,6
19,7,6
18,6,6
18,6,6
18,6,6
15,6,6
15,6,6
15,6,6
15,6,6
15,6,6
15,6,6
0,0,0
9,3,0
11,5,3
10,4,3
11,5,3
8,3,0
7,2,0
0,0,0
6,3,3
6,3,3
6,3,3
6,3,3
0,0,0
15,6,6
15,6,6
15,6,6
15,6,6
15,6,6
15,6,6
0,0,0
0,0,0
6,3,0
6,3,0
6,3,0
6,3,0
0,0,0
232,33,33
232,33,33
232,33,33
232,33,33
232,33,33
232,33,33
232,33,33
232,33,33
232,33,33
232,33,33
232,33,33
232,33,33
78,0,0
232,33,33
232,33,33
232,33,33
232,33,33
232,33,33
232,33,33
232,33,33
232,33,33
232,33,33
232,33,33
232,33,33
232,33,33
232,33,33
232,33,33
232,33,33
232,33,33
232,33,33
232,33,33
232,33,33
232,33,33
232,33,33
232,33,33
232,33,33
232,33,33
232,33,33
232,33,33
232,33,33
232,33,33
232,33,33
232,33,33
232,33,33
232,33,33
232,33,33
232,33,33
232,33,33
232,33,33
232,33,33
232,33,33
232,33,33
232,33,33
232,33,33
232,33,33
232,33,33
232,33,33
232,33,33
232,33,33
232,33,33
232,33,33
232,33,33
232,33,33
232,33,33
232,33,33
232,33,33
232,33,33
232,33,33
232,33,33
232,33,33
232,33,33
232,33,33
232,33,33
232,33,33
232,33,33
232,33,33
232,33,33
232,33,33
232,33,33
45,0,0
133,24,24
133,24,24
133,24,24
133,24,24
133,24,24
133,24,24
133,24,24
133,24,24
133,24,24
133,24,24
133,24,24
133,24,24
133,24,24
133,24,24
133,24,24
133,24,24
133,24,24
133,24,24
133,24,24
133,24,24
133,24,24
133,24,24
133,24,24
133,24,24
133,24,24
133,24,24
133,24,24
133,24,24
133,24,24
133,24,24
133,24,24
133,24,24
133,24,24
133,24,24
133,24,24
133,24,24
133,24,24
133,24,24
133,24,24
133,24,24
133,24,24
133,24,24
133,24,24
133,24,24
133,24,24
0,0,0
0,0,0
0,0,0
0,0,0
27,9,9
27,9,9
27,9,9
27,9,9
27,9,9
27,9,9
27,9,9
27,9,9
27,9,9
27,9,9
0,0,0
0,0,0
6,3,3
6,3,3
6,3,3
6,3,3
6,3,3
6,3,3
6,3,3
0,0,0
6,3,3
6,3,3
6,3,3
6,3,3
6,3,3
6,3,3
0,0,0
0,0,0
0,0,0
7,3,3
7,3,3
7,3,3
3,0,0
10,4,3
0,0,0
4,2,0
4,2,0
4,2,0
42,9,9
51,9,9
39,9,9
27,9,9
66,9,9
54,9,9
42,9,9
63,15,9
51,9,9
39,9,9
0,0,0
0,0,0
2,1,0
2,1,0
6,3,3
6,3,3
6,3,3
0,0,0
15,6,6
2,1,0
12,6,6
10,4,3
10,4,3
10,4,3
10,4,3
0,0,0
6,3,3
6,3,3
6,3,3
6,3,3
0,0,0
6,3,3
6,3,3
6,3,3
3,1,0
0,0,0
0,0,0
6,3,3
6,3,3
6,3,3
81,18,18
81,18,18
81,18,18
81,18,18
81,18,18
81,18,18
81,18,18
81,18,18
81,18,18
81,18,18
81,18,18
81,18,18
81,18,18
81,18,18
81,18,18
81,18,18
81,18,18
81,18,18
81,18,18
81,18,18
81,18,18
81,18,18
81,18,18
81,18,18
81,18,18
81,18,18
81,18,18
81,18,18
81,18,18
81,18,18
81,18,18
81,18,18
81,18,18
81,18,18
81,18,18
81,18,18
81,18,18
81,18,18
81,18,18
81,18,18
81,18,18
81,18,18
81,18,18
81,18,18
81,18,18
81,18,18
81,18,18
81,18,18
81,18,18
81,18,18
81,18,18
81,18,18
81,18,18
81,18,18
81,18,18
81,18,18
81,18,18
81,18,18
81,18,18
81,18,18
81,18,18
81,18,18
81,18,18
81,18,18
81,18,18
81,18,18
81,18,18
81,18,18
81,18,18
81,18,18
81,18,18
81,18,18
81,18,18
81,18,18
81,18,18
81,18,18
81,18,18
81,18,18
81,18,18
81,18,18
81,18,18
81,18,18
81,18,18
81,18,18
72,15,12
72,15,12
72,15,12
72,15,12
72,15,12
87,21,21
87,21,21
87,21,21
87,21,21
72,15,12
72,15,12
72,15,12
87,21,21
87,21,21
87,21,21
72,15,12
72,15,12
72,15,12
87,21,21
87,21,21
72,15,12
72,15,12
72,15,12
87,21,21
72,15,12
72,15,12
72,15,12
72,15,12
72,15,12
72,15,12
6,3,3
6,3,0
0,0,0
6,3,3
6,3,3
6,3,3
6,3,3
66,9,9
54,9,9
42,9,9
63,15,9
51,9,9
39,9,9
33,9,9
33,9,9
33,9,9
33,9,9
33,9,9
33,9,9
33,9,9
33,9,9
33,9,9
33,9,9
25,6,6
25,6,6
25,6,6
25,6,6
25,6,6
25,6,6
6,3,3
6,3,3
6,3,3
0,0,0
0,0,0
0,0,0
0,0,0
0,0,0
37,10,9
41,12,12
48,13,12
46,13,12
43,10,9
35,10,9
42,10,9
40,10,9
46,12,12
44,12,12
41,10,9
51,14,12
48,13,9
46,12,9
37,10,9
44,11,9
42,11,9
48,13,12
46,13,12
43,10,9
41,9,3
39,8,3
53,16,15
50,14,9
48,13,9
42,10,9
40,10,9
47,12,9
51,14,12
48,13,9
46,12,9
44,11,6
28,5,3
41,11,6
39,9,3
23,4,3
53,17,15
40,8,3
37,8,3
37,8,3
35,7,3
0,0,0
6,3,3
6,3,3
6,3,3
6,3,3
0,0,0
0,0,0
25,6,3
15,4,3
24,6,3
13,4,3
22,4,3
25,6,3
28,7,0
29,7,6
30,8,6
29,7,6
21,7,6
20,7,6
21,7,6
27,8,6
17,5,3
26,7,3
24,5,0
23,5,0
29,10,6
31,8,6
30,7,6
31,8,6
24,3,0
7,3,3
7,3,3
6,3,3
7,3,3
3,0,0
7,3,3
7,3,3
7,3,3
0,0,0
72,15,12
72,15,12
72,15,12
72,15,12
72,15,12
72,15,12
72,15,12
72,15,12
72,15,12
72,15,12
6,3,3
6,3,3
6,3,3
6,3,3
6,3,3
6,3,3
0,0,0
21,7,6
21,7,6
21,7,6
21,7,6
24,9,9
24,9,9
21,7,6
21,7,6
24,9,9
0,0,0
6,3,3
6,3,3
6,3,3
0,0,0
6,3,3
231,33,33
231,33,33
231,33,33
231,33,33
231,33,33
231,33,33
231,33,33
231,33,33
231,33,33
231,33,33
231,33,33
231,33,33
231,33,33
231,33,33
231,33,33
231,33,33
231,33,33
231,33,33
231,33,33
231,33,33
231,33,33
231,33,33
231,33,33
231,33,33
231,33,33
231,33,33
231,33,33
231,33,33
231,33,33
231,33,33
231,33,33
231,33,33
231,33,33
231,33,33
231,33,33
231,33,33
231,33,33
231,33,33
231,33,33
231,33,33
231,33,33
231,33,33
231,33,33
231,33,33
231,33,33
231,33,33
231,33,33
231,33,33
231,33,33
231,33,33
231,33,33
231,33,33
231,33,33
231,33,33
231,33,33
231,33,33
231,33,33
231,33,33
231,33,33
231,33,33
231,33,33
231,33,33
231,33,33
231,33,33
231,33,33
231,33,33
231,33,33
231,33,33
231,33,33
231,33,33
231,33,33
231,33,33
231,33,33
231,33,33
231,33,33
231,33,33
231,33,33
231,33,33
0,0,0
0,0,0
0,0,0
0,0,0
0,0,0
0,0,0
15,6,6
15,6,6
15,6,6
31,3,3
31,3,3
6,3,3
6,3,3
6,3,3
6,3,3
6,3,3
0,0,0
0,0,0
0,0,0
16,5,3
16,5,3
16,5,3
0,0,0
231,33,33
231,33,33
231,33,33
231,33,33
231,33,33
231,33,33
231,33,33
231,33,33
231,33,33
231,33,33
231,33,33
231,33,33
231,33,33
231,33,33
231,33,33
231,33,33
231,33,33
231,33,33
231,33,33
231,33,33
231,33,33
231,33,33
231,33,33
231,33,33
231,33,33
231,33,33
231,33,33
231,33,33
231,33,33
231,33,33
231,33,33
231,33,33
231,33,33
231,33,33
231,33,33
231,33,33
231,33,33
231,33,33
231,33,33
231,33,33
231,33,33
231,33,33
231,33,33
231,33,33
231,33,33
231,33,33
231,33,33
231,33,33
231,33,33
231,33,33
231,33,33
231,33,33
231,33,33
231,33,33
231,33,33
231,33,33
231,33,33
231,33,33
231,33,33
231,33,33
231,33,33
231,33,33
231,33,33
231,33,33
231,33,33
231,33,33
231,33,33
231,33,33
231,33,33
231,33,33
231,33,33
231,33,33
231,33,33
231,33,33
231,33,33
231,33,33
231,33,33
231,33,33
0,0,0
6,3,3
6,3,3
6,3,3
0,0,0
0,0,0
0,0,0
9,3,3
9,3,3
9,3,3
19,5,3
19,5,3
19,5,3
6,3,3
27,9,9
27,9,9
27,9,9
27,9,9
27,9,9
27,9,9
0,0,0
0,0,0
47,11,6
62,20,18
56,15,12
47,11,6
56,15,12
57,16,12
56,15,12
43,8,0
47,11,6
32,6,6
56,15,12
47,11,6
56,15,12
57,16,12
42,7,0
56,15,12
50,12,12
51,13,12
50,12,12
51,13,12
50,12,12
51,13,12
38,6,0
45,10,6
30,6,6
54,14,12
45,10,6
54,14,12
55,14,12
54,14,12
48,12,12
49,12,12
48,12,12
49,12,12
48,12,12
49,12,12
0,0,0
0,0,0
6,3,3
6,3,3
6,3,3
162,27,27
162,27,27
162,27,27
162,27,27
162,27,27
162,27,27
162,27,27
162,27,27
162,27,27
162,27,27
162,27,27
162,27,27
162,27,27
162,27,27
162,27,27
162,27,27
162,27,27
162,27,27
162,27,27
162,27,27
162,27,27
162,27,27
162,27,27
162,27,27
162,27,27
162,27,27
162,27,27
162,27,27
162,27,27
162,27,27
162,27,27
162,27,27
162,27,27
162,27,27
162,27,27
162,27,27
162,27,27
162,27,27
162,27,27
162,27,27
162,27,27
162,27,27
162,27,27
162,27,27
162,27,27
162,27,27
162,27,27
162,27,27
162,27,27
162,27,27
162,27,27
162,27,27
162,27,27
162,27,27
162,27,27
0,0,0
0,0,0
10,4,3
10,4,3
0,0,0
0,0,0
15,6,6
15,6,6
15,6,6
15,6,6
15,6,6
15,6,6
6,3,3
6,3,3
6,3,3
16,6,6
16,6,6
15,6,6
17,7,6
16,6,6
16,6,6
6,3,3
27,9,9
27,9,9
27,9,9
27,9,9
27,9,9
27,9,9
27,9,9
27,9,9
27,9,9
27,9,9
27,9,9
27,9,9
27,9,9
27,9,9
27,9,9
27,9,9
27,9,9
27,9,9
27,9,9
0,0,0
29,9,6
29,9,6
22,6,6
29,9,6
22,6,6
22,6,6
0,0,0
0,0,0
0,0,0
15,6,6
15,6,6
15,6,6
15,6,6
15,6,6
15,6,6
30,6,6
48,12,12
49,12,12
48,12,12
49,12,12
48,12,12
49,12,12
6,3,3
6,3,3
6,3,3
6,1,0
5,0,0
9,3,3
9,3,3
9,3,3
6,1,0
6,3,3
0,0,0
6,3,3
6,3,3
6,3,3
6,3,3
17,6,6
18,6,6
18,6,6
20,7,6
20,7,6
21,8,6
87,21,21
87,21,21
87,21,21
72,15,12
72,15,12
72,15,12
87,21,21
87,21,21
72,15,12
72,15,12
72,15,12
87,21,21
72,15,12
72,15,12
72,15,12
72,15,12
72,15,12
72,15,12
87,21,21
87,21,21
72,15,12
72,15,12
72,15,12
87,21,21
72,15,12
72,15,12
72,15,12
72,15,12
72,15,12
72,15,12
87,21,21
72,15,12
72,15,12
72,15,12
72,15,12
72,15,12
72,15,12
72,15,12
72,15,12
72,15,12
6,3,3
6,3,3
6,3,3
6,3,3
0,0,0
132,24,24
132,24,24
132,24,24
132,24,24
132,24,24
132,24,24
132,24,24
132,24,24
132,24,24
132,24,24
132,24,24
132,24,24
132,24,24
132,24,24
132,24,24
132,24,24
132,24,24
132,24,24
132,24,24
132,24,24
132,24,24
132,24,24
132,24,24
132,24,24
132,24,24
132,24,24
132,24,24
132,24,24
132,24,24
132,24,24
132,24,24
132,24,24
132,24,24
132,24,24
132,24,24
132,24,24
0,0,0
162,27,27
162,27,27
162,27,27
162,27,27
162,27,27
162,27,27
162,27,27
162,27,27
162,27,27
162,27,27
162,27,27
162,27,27
162,27,27
162,27,27
162,27,27
162,27,27
162,27,27
162,27,27
162,27,27
162,27,27
162,27,27
162,27,27
162,27,27
162,27,27
162,27,27
162,27,27
162,27,27
162,27,27
162,27,27
162,27,27
162,27,27
162,27,27
162,27,27
162,27,27
162,27,27
162,27,27
162,27,27
162,27,27
162,27,27
162,27,27
162,27,27
162,27,27
162,27,27
162,27,27
162,27,27
0,0,0
0,0,0
0,0,0
0,0,0
0,0,0
0,0,0
6,3,3
6,3,3
6,3,3
0,0,0
6,3,0
6,3,0
6,3,0
6,3,3
6,3,3
6,3,3
231,33,33
231,33,33
231,33,33
231,33,33
231,33,33
231,33,33
231,33,33
231,33,33
231,33,33
231,33,33
231,33,33
231,33,33
231,33,33
231,33,33
231,33,33
231,33,33
231,33,33
231,33,33
231,33,33
231,33,33
231,33,33
231,33,33
231,33,33
231,33,33
231,33,33
231,33,33
231,33,33
231,33,33
231,33,33
231,33,33
231,33,33
231,33,33
231,33,33
231,33,33
231,33,33
231,33,33
231,33,33
231,33,33
231,33,33
231,33,33
231,33,33
231,33,33
231,33,33
231,33,33
231,33,33
231,33,33
231,33,33
231,33,33
231,33,33
231,33,33
231,33,33
231,33,33
231,33,33
231,33,33
231,33,33
231,33,33
231,33,33
231,33,33
231,33,33
231,33,33
231,33,33
231,33,33
231,33,33
231,33,33
231,33,33
231,33,33
231,33,33
231,33,33
231,33,33
231,33,33
231,33,33
231,33,33
231,33,33
231,33,33
231,33,33
231,33,33
231,33,33
231,33,33
60,15,15
60,15,15
60,15,15
60,15,15
61,15,15
61,15,15
60,15,15
60,15,15
60,15,15
61,15,15
61,15,15
60,15,15
60,15,15
61,15,15
61,15,15
60,15,15
61,15,15
61,15,15
61,15,15
61,15,15
62,16,15
60,15,15
60,15,15
60,15,15
61,15,15
61,15,15
60,15,15
60,15,15
61,15,15
61,15,15
60,15,15
61,15,15
61,15,15
61,15,15
61,15,15
62,16,15
60,15,15
60,15,15
61,15,15
61,15,15
60,15,15
61,15,15
61,15,15
61,15,15
61,15,15
62,16,15
60,15,15
61,15,15
61,15,15
61,15,15
61,15,15
62,16,15
61,15,15
61,15,15
62,16,15
62,16,15
42,6,0
15,6,6
15,6,6
15,6,6
15,6,6
15,6,6
15,6,6
15,6,6
15,6,6
15,6,6
15,6,6
0,0,0
231,33,33
231,33,33
231,33,33
231,33,33
231,33,33
231,33,33
231,33,33
231,33,33
231,33,33
231,33,33
231,33,33
231,33,33
231,33,33
231,33,33
231,33,33
231,33,33
231,33,33
231,33,33
231,33,33
231,33,33
231,33,33
231,33,33
231,33,33
231,33,33
231,33,33
231,33,33
231,33,33
231,33,33
231,33,33
231,33,33
231,33,33
231,33,33
231,33,33
231,33,33
231,33,33
231,33,33
231,33,33
231,33,33
231,33,33
231,33,33
231,33,33
231,33,33
231,33,33
231,33,33
231,33,33
231,33,33
231,33,33
231,33,33
231,33,33
231,33,33
231,33,33
231,33,33
231,33,33
231,33,33
231,33,33
231,33,33
231,33,33
231,33,33
231,33,33
231,33,33
231,33,33
231,33,33
231,33,33
231,33,33
231,33,33
231,33,33
15,6,6
15,6,6
15,6,6
15,6,6
15,6,6
15,6,6
6,3,3
6,3,3
6,3,3
15,6,6
15,6,6
15,6,6
0,0,0
195,30,30
195,30,30
195,30,30
195,30,30
195,30,30
195,30,30
195,30,30
195,30,30
195,30,30
195,30,30
195,30,30
195,30,30
195,30,30
195,30,30
195,30,30
195,30,30
195,30,30
195,30,30
195,30,30
195,30,30
195,30,30
195,30,30
195,30,30
195,30,30
195,30,30
195,30,30
195,30,30
195,30,30
195,30,30
195,30,30
195,30,30
195,30,30
195,30,30
195,30,30
195,30,30
195,30,30
195,30,30
195,30,30
195,30,30
195,30,30
195,30,30
195,30,30
195,30,30
195,30,30
195,30,30
195,30,30
195,30,30
195,30,30
195,30,30
195,30,30
195,30,30
195,30,30
195,30,30
195,30,30
195,30,30
195,30,30
195,30,30
195,30,30
195,30,30
195,30,30
195,30,30
195,30,30
195,30,30
195,30,30
195,30,30
195,30,30
0,0,0
14,7,6
12,5,3
12,5,3
10,3,0
11,4,3
11,4,3
756,63,63
756,63,63
756,63,63
756,63,63
756,63,63
756,63,63
756,63,63
756,63,63
756,63,63
756,63,63
756,63,63
756,63,63
756,63,63
756,63,63
756,63,63
756,63,63
756,63,63
756,63,63
756,63,63
756,63,63
756,63,63
756,63,63
756,63,63
756,63,63
756,63,63
756,63,63
756,63,63
756,63,63
756,63,63
756,63,63
756,63,63
756,63,63
756,63,63
756,63,63
756,63,63
756,63,63
756,63,63
756,63,63
756,63,63
756,63,63
756,63,63
756,63,63
756,63,63
756,63,63
756,63,63
756,63,63
756,63,63
756,63,63
756,63,63
756,63,63
756,63,63
756,63,63
756,63,63
756,63,63
756,63,63
756,63,63
756,63,63
756,63,63
756,63,63
756,63,63
756,63,63
756,63,63
756,63,63
756,63,63
756,63,63
756,63,63
756,63,63
756,63,63
756,63,63
756,63,63
756,63,63
756,63,63
756,63,63
756,63,63
756,63,63
756,63,63
756,63,63
756,63,63
756,63,63
756,63,63
756,63,63
756,63,63
756,63,63
756,63,63
756,63,63
756,63,63
756,63,63
756,63,63
756,63,63
756,63,63
756,63,63
756,63,63
756,63,63
756,63,63
756,63,63
756,63,63
756,63,63
756,63,63
756,63,63
756,63,63
756,63,63
756,63,63
756,63,63
756,63,63
756,63,63
756,63,63
756,63,63
756,63,63
756,63,63
756,63,63
756,63,63
756,63,63
756,63,63
756,63,63
756,63,63
756,63,63
756,63,63
756,63,63
756,63,63
756,63,63
756,63,63
756,63,63
756,63,63
756,63,63
756,63,63
756,63,63
756,63,63
756,63,63
756,63,63
756,63,63
756,63,63
756,63,63
756,63,63
756,63,63
756,63,63
756,63,63
756,63,63
756,63,63
756,63,63
756,63,63
756,63,63
756,63,63
756,63,63
756,63,63
756,63,63
756,63,63
756,63,63
756,63,63
756,63,63
756,63,63
756,63,63
756,63,63
756,63,63
756,63,63
756,63,63
756,63,63
756,63,63
756,63,63
756,63,63
756,63,63
756,63,63
756,63,63
756,63,63
756,63,63
756,63,63
756,63,63
756,63,63
756,63,63
756,63,63
756,63,63
756,63,63
756,63,63
756,63,63
756,63,63
756,63,63
756,63,63
756,63,63
756,63,63
756,63,63
756,63,63
756,63,63
756,63,63
756,63,63
756,63,63
756,63,63
756,63,63
756,63,63
756,63,63
756,63,63
756,63,63
756,63,63
756,63,63
756,63,63
756,63,63
756,63,63
756,63,63
756,63,63
756,63,63
756,63,63
756,63,63
756,63,63
756,63,63
756,63,63
756,63,63
756,63,63
756,63,63
756,63,63
756,63,63
756,63,63
756,63,63
756,63,63
756,63,63
756,63,63
756,63,63
756,63,63
756,63,63
756,63,63
756,63,63
756,63,63
756,63,63
756,63,63
756,63,63
756,63,63
756,63,63
756,63,63
756,63,63
756,63,63
756,63,63
756,63,63
756,63,63
756,63,63
756,63,63
756,63,63
756,63,63
756,63,63
756,63,63
756,63,63
756,63,63
756,63,63
756,63,63
756,63,63
756,63,63
756,63,63
756,63,63
756,63,63
756,63,63
756,63,63
756,63,63
756,63,63
756,63,63
756,63,63
756,63,63
756,63,63
6,3,3
27,9,9
27,9,9
27,9,9
27,9,9
27,9,9
27,9,9
27,9,9
27,9,9
27,9,9
27,9,9
21,7,6
21,7,6
21,7,6
15,6,6
15,6,6
15,6,6
15,6,6
15,6,6
15,6,6
15,6,6
15,6,6
15,6,6
15,6,6
86,12,12
42,12,12
69,12,12
47,12,12
94,12,12
86,12,12
113,18,12
91,13,12
138,22,12
69,12,12
47,12,12
94,12,12
74,13,12
121,18,12
99,14,12
86,12,12
113,18,12
91,13,12
138,22,12
69,12,12
47,12,12
94,12,12
74,13,12
121,18,12
99,14,12
113,18,12
91,13,12
138,22,12
118,20,12
165,34,30
143,25,15
143,25,15
148,25,15
135,23,6
134,22,18
125,21,15
143,25,15
113,15,3
124,14,0
168,32,27
168,32,27
173,34,27
160,30,21
159,29,18
150,26,18
150,27,15
152,26,15
144,24,15
146,27,27
151,27,27
138,23,15
137,22,18
128,21,18
128,19,15
130,21,15
122,19,15
151,27,27
138,23,15
137,22,18
128,21,18
128,19,15
130,21,15
122,19,15
143,24,15
142,23,18
133,21,18
133,22,15
135,21,15
127,19,15
129,20,18
120,18,15
119,18,18
112,15,15
104,15,15
106,15,15
74,13,12
121,18,12
99,14,12
126,21,15
96,14,3
151,25,18
151,25,18
156,27,18
143,25,18
142,25,18
133,21,15
129,21,18
134,21,18
121,19,12
120,19,18
111,17,15
134,21,18
121,19,12
120,19,18
111,17,15
126,20,12
125,20,18
116,17,15
112,19,15
102,17,15
121,18,9
120,16,3
90,11,3
154,27,27
159,29,27
146,25,21
145,25,21
136,21,18
136,22,15
138,23,21
130,19,15
159,29,27
146,25,21
145,25,21
136,21,18
136,22,15
138,23,21
130,19,15
151,28,24
150,28,24
141,23,18
115,11,0
117,13,3
141,27,24
143,25,21
135,21,15
137,25,21
128,20,15
128,18,3
130,19,9
127,21,18
127,18,3
129,19,9
94,10,3
120,20,15
112,18,15
114,17,15
147,27,24
143,24,18
143,24,18
150,27,24
143,24,18
131,18,6
95,12,6
117,20,18
117,20,18
167,31,30
167,31,30
149,25,21
174,33,33
149,25,21
167,31,30
149,25,21
155,27,24
119,15,6
141,23,18
141,23,18
163,30,30
145,24,21
170,31,30
145,24,21
163,30,30
145,24,21
151,25,21
137,22,18
137,22,18
145,24,21
170,31,30
145,24,21
163,30,30
145,24,21
151,25,21
137,22,18
137,22,18
152,25,21
127,21,21
145,24,21
127,21,21
133,22,21
152,25,21
170,31,30
152,25,21
158,29,24
122,15,6
144,23,18
144,23,18
145,24,21
127,21,21
133,22,21
145,24,21
151,25,21
137,22,18
137,22,18
133,22,21
111,18,18
0,0,0
6,3,3
6,3,3
6,3,3
6,3,3
6,3,3
11,3,3
14,5,3
14,5,3
16,6,3
16,6,3
15,6,6
13,4,3
13,4,3
9,3,3
13,4,3
0,0,0
0,0,0
0,0,0
2,1,0
2,1,0
6,3,3
6,3,3
6,3,3
0,0,0
15,6,6
16,3,3
16,3,3
16,3,3
37,9,9
44,11,9
44,11,9
44,11,9
37,9,9
37,9,9
37,9,9
44,11,9
44,11,9
44,11,9
270,36,36
270,36,36
270,36,36
270,36,36
270,36,36
270,36,36
270,36,36
270,36,36
270,36,36
270,36,36
270,36,36
270,36,36
270,36,36
270,36,36
270,36,36
270,36,36
270,36,36
270,36,36
270,36,36
270,36,36
270,36,36
270,36,36
270,36,36
270,36,36
270,36,36
270,36,36
270,36,36
270,36,36
270,36,36
270,36,36
270,36,36
270,36,36
270,36,36
270,36,36
270,36,36
270,36,36
270,36,36
270,36,36
270,36,36
270,36,36
270,36,36
270,36,36
270,36,36
270,36,36
270,36,36
270,36,36
270,36,36
270,36,36
270,36,36
270,36,36
270,36,36
270,36,36
270,36,36
270,36,36
270,36,36
270,36,36
270,36,36
270,36,36
270,36,36
270,36,36
270,36,36
270,36,36
270,36,36
270,36,36
270,36,36
270,36,36
270,36,36
270,36,36
270,36,36
270,36,36
270,36,36
270,36,36
270,36,36
270,36,36
270,36,36
270,36,36
270,36,36
270,36,36
270,36,36
270,36,36
270,36,36
270,36,36
270,36,36
270,36,36
270,36,36
270,36,36
270,36,36
270,36,36
270,36,36
270,36,36
270,36,36
137,27,27
124,23,21
123,23,21
114,21,18
114,19,15
116,23,21
108,19,15
129,24,21
128,24,21
119,21,18
119,22,15
121,23,21
113,19,15
115,21,18
106,18,15
108,17,9
105,19,18
107,17,9
98,17,15
90,15,15
92,17,15
0,0,0
105,21,21
105,21,21
105,21,21
105,21,21
105,21,21
105,21,21
105,21,21
105,21,21
105,21,21
105,21,21
105,21,21
105,21,21
105,21,21
105,21,21
105,21,21
105,21,21
105,21,21
105,21,21
105,21,21
105,21,21
105,21,21
105,21,21
105,21,21
105,21,21
105,21,21
105,21,21
105,21,21
105,21,21
105,21,21
105,21,21
105,21,21
105,21,21
105,21,21
105,21,21
105,21,21
105,21,21
15,6,6
15,6,6
15,6,6
15,6,6
15,6,6
15,6,6
15,6,6
15,6,6
15,6,6
36,15,15
29,9,6
29,9,6
29,9,6
26,7,3
29,9,6
29,9,6
29,9,6
26,7,3
22,6,6
29,9,6
29,9,6
29,9,6
26,7,3
22,6,6
22,6,6
8,0,0
22,9,6
19,6,6
19,6,6
16,4,0
21,8,6
21,8,6
16,4,0
18,6,6
0,0,0
15,6,6
0,0,0
21,7,6
21,7,6
24,9,9
0,0,0
0,0,0
17,7,6
16,6,6
16,6,6
16,6,6
16,6,6
15,6,6
6,3,3
14,5,3
14,5,3
18,9,9
14,5,3
14,5,3
14,5,3
14,5,3
0,0,0
15,6,6
15,6,6
15,6,6
15,6,6
15,6,6
15,6,6
34,3,3
62,10,3
84,18,18
87,20,18
84,18,18
84,18,18
84,18,18
84,18,18
84,18,18
87,20,18
84,18,18
84,18,18
84,18,18
84,18,18
84,18,18
62,10,3
87,20,18
87,20,18
87,20,18
87,20,18
87,20,18
84,18,18
84,18,18
84,18,18
84,18,18
84,18,18
84,18,18
84,18,18
84,18,18
84,18,18
84,18,18
0,0,0
270,36,36
270,36,36
270,36,36
270,36,36
270,36,36
270,36,36
270,36,36
270,36,36
270,36,36
270,36,36
270,36,36
270,36,36
270,36,36
270,36,36
270,36,36
270,36,36
270,36,36
270,36,36
270,36,36
270,36,36
270,36,36
270,36,36
270,36,36
270,36,36
270,36,36
270,36,36
270,36,36
270,36,36
270,36,36
270,36,36
270,36,36
270,36,36
270,36,36
270,36,36
270,36,36
270,36,36
270,36,36
270,36,36
270,36,36
270,36,36
270,36,36
270,36,36
270,36,36
270,36,36
270,36,36
270,36,36
270,36,36
270,36,36
270,36,36
270,36,36
270,36,36
270,36,36
270,36,36
270,36,36
270,36,36
270,36,36
270,36,36
270,36,36
270,36,36
270,36,36
270,36,36
270,36,36
270,36,36
270,36,36
270,36,36
270,36,36
270,36,36
270,36,36
270,36,36
270,36,36
270,36,36
270,36,36
270,36,36
270,36,36
270,36,36
270,36,36
270,36,36
270,36,36
15,6,6
15,6,6
15,6,6
15,6,6
27,9,9
27,9,9
27,9,9
27,9,9
27,9,9
27,9,9
0,0,0
0,0,0
231,33,33
231,33,33
231,33,33
231,33,33
231,33,33
231,33,33
231,33,33
231,33,33
231,33,33
231,33,33
231,33,33
231,33,33
231,33,33
231,33,33
231,33,33
231,33,33
231,33,33
231,33,33
231,33,33
231,33,33
231,33,33
231,33,33
231,33,33
231,33,33
231,33,33
231,33,33
231,33,33
231,33,33
231,33,33
231,33,33
231,33,33
231,33,33
231,33,33
231,33,33
231,33,33
231,33,33
231,33,33
231,33,33
231,33,33
231,33,33
231,33,33
231,33,33
231,33,33
231,33,33
231,33,33
231,33,33
231,33,33
231,33,33
231,33,33
231,33,33
231,33,33
231,33,33
231,33,33
231,33,33
231,33,33
231,33,33
231,33,33
231,33,33
231,33,33
231,33,33
231,33,33
231,33,33
231,33,33
231,33,33
231,33,33
231,33,33
231,33,33
231,33,33
231,33,33
231,33,33
231,33,33
231,33,33
231,33,33
231,33,33
231,33,33
231,33,33
231,33,33
231,33,33
231,33,33
231,33,33
231,33,33
231,33,33
231,33,33
231,33,33
231,33,33
231,33,33
231,33,33
231,33,33
231,33,33
231,33,33
231,33,33
231,33,33
231,33,33
231,33,33
231,33,33
231,33,33
231,33,33
231,33,33
231,33,33
231,33,33
231,33,33
231,33,33
231,33,33
231,33,33
231,33,33
231,33,33
231,33,33
231,33,33
231,33,33
231,33,33
231,33,33
231,33,33
231,33,33
231,33,33
231,33,33
231,33,33
231,33,33
231,33,33
231,33,33
231,33,33
231,33,33
231,33,33
231,33,33
231,33,33
231,33,33
231,33,33
231,33,33
231,33,33
231,33,33
231,33,33
231,33,33
231,33,33
231,33,33
231,33,33
231,33,33
231,33,33
231,33,33
231,33,33
231,33,33
231,33,33
231,33,33
231,33,33
231,33,33
231,33,33
231,33,33
231,33,33
231,33,33
231,33,33
231,33,33
231,33,33
231,33,33
231,33,33
231,33,33
231,33,33
231,33,33
231,33,33
231,33,33
231,33,33
231,33,33
231,33,33
231,33,33
231,33,33
231,33,33
231,33,33
231,33,33
231,33,33
231,33,33
231,33,33
231,33,33
231,33,33
231,33,33
231,33,33
231,33,33
231,33,33
231,33,33
231,33,33
231,33,33
231,33,33
231,33,33
231,33,33
231,33,33
231,33,33
231,33,33
231,33,33
231,33,33
231,33,33
231,33,33
231,33,33
231,33,33
231,33,33
231,33,33
231,33,33
231,33,33
231,33,33
231,33,33
231,33,33
231,33,33
231,33,33
231,33,33
231,33,33
231,33,33
231,33,33
231,33,33
231,33,33
231,33,33
231,33,33
231,33,33
231,33,33
231,33,33
231,33,33
231,33,33
231,33,33
231,33,33
231,33,33
231,33,33
231,33,33
231,33,33
231,33,33
231,33,33
231,33,33
27,9,9
27,9,9
27,9,9
27,9,9
27,9,9
27,9,9
6,3,3
6,3,3
6,3,3
60,15,15
60,15,15
60,15,15
60,15,15
60,15,15
60,15,15
60,15,15
60,15,15
60,15,15
60,15,15
60,15,15
60,15,15
60,15,15
60,15,15
60,15,15
60,15,15
60,15,15
60,15,15
60,15,15
60,15,15
60,15,15
6,3,3
0,0,0
0,0,0
60,15,15
60,15,15
60,15,15
60,15,15
60,15,15
60,15,15
60,15,15
60,15,15
60,15,15
60,15,15
60,15,15
60,15,15
60,15,15
60,15,15
60,15,15
231,33,33
231,33,33
231,33,33
231,33,33
231,33,33
231,33,33
231,33,33
231,33,33
231,33,33
231,33,33
231,33,33
231,33,33
231,33,33
231,33,33
231,33,33
231,33,33
231,33,33
231,33,33
231,33,33
231,33,33
231,33,33
231,33,33
231,33,33
231,33,33
231,33,33
231,33,33
231,33,33
231,33,33
231,33,33
231,33,33
231,33,33
231,33,33
231,33,33
231,33,33
231,33,33
231,33,33
231,33,33
231,33,33
231,33,33
231,33,33
231,33,33
231,33,33
231,33,33
231,33,33
231,33,33
231,33,33
231,33,33
231,33,33
231,33,33
231,33,33
231,33,33
231,33,33
231,33,33
231,33,33
231,33,33
231,33,33
231,33,33
231,33,33
231,33,33
231,33,33
231,33,33
231,33,33
231,33,33
231,33,33
231,33,33
231,33,33
162,27,27
162,27,27
162,27,27
162,27,27
162,27,27
162,27,27
162,27,27
162,27,27
162,27,27
162,27,27
162,27,27
162,27,27
162,27,27
162,27,27
162,27,27
162,27,27
162,27,27
162,27,27
162,27,27
162,27,27
162,27,27
162,27,27
162,27,27
162,27,27
162,27,27
162,27,27
162,27,27
162,27,27
162,27,27
162,27,27
162,27,27
162,27,27
162,27,27
162,27,27
162,27,27
162,27,27
162,27,27
162,27,27
162,27,27
162,27,27
162,27,27
162,27,27
162,27,27
162,27,27
162,27,27
162,27,27
162,27,27
162,27,27
162,27,27
162,27,27
162,27,27
162,27,27
162,27,27
162,27,27
162,27,27
0,0,0
17,5,3
22,9,9
16,5,3
12,3,0
17,7,6
17,7,6
17,7,6
16,6,6
16,6,6
16,6,6
6,2,0
8,4,3
8,4,3
7,3,3
7,3,3
27,9,9
10,4,3
2,1,0
2,1,0
27,9,9
27,9,9
27,9,9
27,9,9
0,0,0
6,3,3
15,6,6
15,6,6
15,6,6
15,6,6
0,0,0
3,0,0
7,3,3
7,3,3
7,3,3
65,15,9
70,12,6
44,7,6
59,10,3
59,13,6
64,10,6
54,10,6
69,14,12
59,13,6
43,9,6
58,12,3
64,10,6
48,8,6
231,33,33
231,33,33
231,33,33
231,33,33
231,33,33
231,33,33
231,33,33
231,33,33
231,33,33
231,33,33
231,33,33
231,33,33
231,33,33
231,33,33
231,33,33
231,33,33
231,33,33
231,33,33
231,33,33
231,33,33
231,33,33
231,33,33
231,33,33
231,33,33
231,33,33
231,33,33
231,33,33
231,33,33
231,33,33
231,33,33
231,33,33
231,33,33
231,33,33
231,33,33
231,33,33
231,33,33
231,33,33
231,33,33
231,33,33
231,33,33
231,33,33
231,33,33
231,33,33
231,33,33
231,33,33
231,33,33
231,33,33
231,33,33
231,33,33
231,33,33
231,33,33
231,33,33
231,33,33
231,33,33
231,33,33
231,33,33
231,33,33
231,33,33
231,33,33
231,33,33
231,33,33
231,33,33
231,33,33
231,33,33
231,33,33
231,33,33
6,3,3
6,3,3
6,3,3
6,3,3
2,0,0
3,1,0
3,1,0
2,1,0
7,3,3
16,6,6
16,6,6
16,6,6
15,6,6
15,6,6
15,6,6
13,4,3
16,6,3
13,4,3
11,3,3
11,3,3
16,6,3
16,6,3
13,4,3
16,6,3
13,4,3
18,8,6
15,6,6
15,6,6
15,6,6
15,6,6
15,6,6
15,6,6
27,9,9
27,9,9
27,9,9
28,9,9
27,9,9
27,9,9
28,9,9
27,9,9
28,9,9
28,9,9
27,9,9
27,9,9
28,9,9
27,9,9
28,9,9
28,9,9
27,9,9
28,9,9
28,9,9
28,9,9
10,0,0
42,12,12
42,12,12
52,12,12
57,12,12
42,12,12
42,12,12
52,12,12
57,12,12
42,12,12
52,12,12
57,12,12
42,12,12
67,12,12
52,12,12
57,12,12
42,12,12
52,12,12
57,12,12
42,12,12
52,12,12
57,12,12
42,12,12
67,12,12
52,12,12
57,12,12
52,12,12
57,12,12
42,12,12
67,12,12
52,12,12
57,12,12
67,12,12
52,12,12
57,12,12
67,12,12
78,15,9
66,9,9
54,9,9
79,13,12
79,13,12
76,12,12
79,13,12
76,12,12
63,13,12
60,12,12
63,13,12
60,12,12
60,12,12
63,13,12
60,12,12
60,12,12
57,12,12
60,12,12
270,36,36
270,36,36
270,36,36
270,36,36
270,36,36
270,36,36
270,36,36
270,36,36
270,36,36
270,36,36
270,36,36
270,36,36
270,36,36
270,36,36
270,36,36
270,36,36
270,36,36
270,36,36
270,36,36
270,36,36
270,36,36
270,36,36
270,36,36
270,36,36
270,36,36
270,36,36
270,36,36
270,36,36
270,36,36
270,36,36
270,36,36
270,36,36
270,36,36
270,36,36
270,36,36
270,36,36
270,36,36
270,36,36
270,36,36
270,36,36
270,36,36
270,36,36
270,36,36
270,36,36
270,36,36
270,36,36
270,36,36
270,36,36
270,36,36
270,36,36
270,36,36
270,36,36
270,36,36
270,36,36
270,36,36
270,36,36
270,36,36
270,36,36
270,36,36
270,36,36
270,36,36
270,36,36
270,36,36
270,36,36
270,36,36
270,36,36
60,15,15
60,15,15
60,15,15
60,15,15
60,15,15
60,15,15
60,15,15
60,15,15
60,15,15
60,15,15
60,15,15
60,15,15
60,15,15
60,15,15
60,15,15
60,15,15
60,15,15
60,15,15
60,15,15
60,15,15
60,15,15
6,3,3
0,0,0
0,0,0
0,0,0
231,33,33
231,33,33
231,33,33
231,33,33
231,33,33
231,33,33
231,33,33
231,33,33
231,33,33
231,33,33
231,33,33
231,33,33
231,33,33
231,33,33
231,33,33
231,33,33
231,33,33
231,33,33
231,33,33
231,33,33
231,33,33
231,33,33
231,33,33
231,33,33
231,33,33
231,33,33
231,33,33
231,33,33
231,33,33
231,33,33
231,33,33
231,33,33
231,33,33
231,33,33
231,33,33
231,33,33
231,33,33
231,33,33
231,33,33
231,33,33
231,33,33
231,33,33
231,33,33
231,33,33
231,33,33
231,33,33
231,33,33
231,33,33
231,33,33
231,33,33
231,33,33
231,33,33
231,33,33
231,33,33
231,33,33
231,33,33
231,33,33
231,33,33
231,33,33
231,33,33
231,33,33
231,33,33
231,33,33
231,33,33
231,33,33
231,33,33
15,6,6
15,6,6
15,6,6
15,6,6
15,6,6
15,6,6
6,3,3
6,3,3
6,3,3
6,3,3
195,30,30
195,30,30
195,30,30
195,30,30
195,30,30
195,30,30
195,30,30
195,30,30
195,30,30
195,30,30
195,30,30
195,30,30
195,30,30
195,30,30
195,30,30
195,30,30
195,30,30
195,30,30
195,30,30
195,30,30
195,30,30
195,30,30
195,30,30
195,30,30
195,30,30
195,30,30
195,30,30
195,30,30
195,30,30
195,30,30
195,30,30
195,30,30
195,30,30
195,30,30
195,30,30
195,30,30
195,30,30
195,30,30
195,30,30
195,30,30
195,30,30
195,30,30
195,30,30
195,30,30
195,30,30
195,30,30
195,30,30
195,30,30
195,30,30
195,30,30
195,30,30
195,30,30
195,30,30
195,30,30
195,30,30
59,13,6
59,13,6
71,16,6
71,16,6
71,16,6
63,15,9
43,6,6
67,15,15
64,13,12
67,15,15
64,13,12
64,13,12
67,15,15
64,13,12
64,13,12
61,12,12
64,13,12
231,33,33
231,33,33
231,33,33
231,33,33
231,33,33
231,33,33
231,33,33
231,33,33
231,33,33
231,33,33
231,33,33
231,33,33
231,33,33
231,33,33
231,33,33
231,33,33
231,33,33
231,33,33
231,33,33
231,33,33
231,33,33
231,33,33
231,33,33
231,33,33
231,33,33
231,33,33
231,33,33
231,33,33
231,33,33
231,33,33
231,33,33
231,33,33
231,33,33
231,33,33
231,33,33
231,33,33
231,33,33
231,33,33
231,33,33
231,33,33
231,33,33
231,33,33
231,33,33
231,33,33
231,33,33
231,33,33
231,33,33
231,33,33
231,33,33
231,33,33
231,33,33
231,33,33
231,33,33
231,33,33
231,33,33
17,6,6
19,7,6
19,7,6
17,6,6
17,6,6
19,7,6
43,12,12
42,12,12
43,12,12
231,33,33
231,33,33
231,33,33
231,33,33
231,33,33
231,33,33
231,33,33
231,33,33
231,33,33
231,33,33
231,33,33
231,33,33
231,33,33
231,33,33
231,33,33
231,33,33
231,33,33
231,33,33
231,33,33
231,33,33
231,33,33
231,33,33
231,33,33
231,33,33
231,33,33
231,33,33
231,33,33
231,33,33
231,33,33
231,33,33
231,33,33
231,33,33
231,33,33
231,33,33
231,33,33
231,33,33
231,33,33
231,33,33
231,33,33
231,33,33
231,33,33
231,33,33
231,33,33
231,33,33
231,33,33
16,6,6
15,6,6
15,6,6
16,6,6
16,6,6
15,6,6
42,12,12
42,12,12
42,12,12
42,12,12
42,12,12
42,12,12
42,12,12
42,12,12
42,12,12
42,12,12
42,12,12
42,12,12
42,12,12
42,12,12
42,12,12
42,12,12
42,12,12
42,12,12
42,12,12
42,12,12
42,12,12
42,12,12
42,12,12
42,12,12
42,12,12
42,12,12
42,12,12
42,12,12
42,12,12
42,12,12
42,12,12
42,12,12
42,12,12
42,12,12
195,30,30
195,30,30
195,30,30
195,30,30
195,30,30
195,30,30
195,30,30
195,30,30
195,30,30
195,30,30
195,30,30
195,30,30
195,30,30
195,30,30
195,30,30
195,30,30
195,30,30
195,30,30
195,30,30
195,30,30
195,30,30
195,30,30
195,30,30
195,30,30
195,30,30
195,30,30
195,30,30
195,30,30
195,30,30
195,30,30
195,30,30
195,30,30
195,30,30
195,30,30
195,30,30
195,30,30
195,30,30
195,30,30
195,30,30
195,30,30
195,30,30
195,30,30
195,30,30
195,30,30
195,30,30
0,0,0
756,63,63
756,63,63
756,63,63
756,63,63
756,63,63
756,63,63
756,63,63
756,63,63
756,63,63
756,63,63
756,63,63
756,63,63
756,63,63
756,63,63
756,63,63
756,63,63
756,63,63
756,63,63
756,63,63
756,63,63
756,63,63
756,63,63
756,63,63
756,63,63
756,63,63
756,63,63
756,63,63
756,63,63
756,63,63
756,63,63
756,63,63
756,63,63
756,63,63
756,63,63
756,63,63
756,63,63
756,63,63
756,63,63
756,63,63
756,63,63
756,63,63
756,63,63
756,63,63
756,63,63
756,63,63
756,63,63
756,63,63
756,63,63
756,63,63
756,63,63
756,63,63
756,63,63
756,63,63
756,63,63
756,63,63
756,63,63
756,63,63
756,63,63
756,63,63
756,63,63
756,63,63
756,63,63
756,63,63
756,63,63
756,63,63
756,63,63
756,63,63
756,63,63
756,63,63
756,63,63
756,63,63
756,63,63
756,63,63
756,63,63
756,63,63
756,63,63
756,63,63
756,63,63
756,63,63
756,63,63
756,63,63
756,63,63
756,63,63
756,63,63
756,63,63
756,63,63
756,63,63
756,63,63
756,63,63
756,63,63
756,63,63
756,63,63
756,63,63
756,63,63
756,63,63
756,63,63
756,63,63
756,63,63
756,63,63
756,63,63
756,63,63
756,63,63
756,63,63
756,63,63
756,63,63
756,63,63
756,63,63
756,63,63
756,63,63
756,63,63
756,63,63
756,63,63
756,63,63
756,63,63
756,63,63
756,63,63
756,63,63
756,63,63
756,63,63
756,63,63
756,63,63
756,63,63
756,63,63
756,63,63
756,63,63
756,63,63
756,63,63
756,63,63
756,63,63
756,63,63
756,63,63
756,63,63
756,63,63
756,63,63
756,63,63
756,63,63
756,63,63
756,63,63
756,63,63
756,63,63
756,63,63
756,63,63
756,63,63
756,63,63
756,63,63
756,63,63
756,63,63
756,63,63
756,63,63
756,63,63
756,63,63
756,63,63
756,63,63
756,63,63
756,63,63
756,63,63
756,63,63
756,63,63
756,63,63
756,63,63
756,63,63
756,63,63
756,63,63
756,63,63
756,63,63
756,63,63
756,63,63
756,63,63
756,63,63
756,63,63
756,63,63
756,63,63
756,63,63
756,63,63
756,63,63
756,63,63
756,63,63
756,63,63
756,63,63
756,63,63
756,63,63
756,63,63
756,63,63
756,63,63
756,63,63
756,63,63
756,63,63
756,63,63
756,63,63
756,63,63
756,63,63
756,63,63
756,63,63
756,63,63
756,63,63
756,63,63
756,63,63
756,63,63
756,63,63
756,63,63
756,63,63
756,63,63
756,63,63
756,63,63
756,63,63
756,63,63
756,63,63
756,63,63
756,63,63
756,63,63
756,63,63
756,63,63
756,63,63
756,63,63
756,63,63
756,63,63
756,63,63
756,63,63
756,63,63
756,63,63
756,63,63
756,63,63
756,63,63
756,63,63
756,63,63
756,63,63
756,63,63
756,63,63
756,63,63
756,63,63
756,63,63
0,0,0
15,6,6
15,6,6
15,6,6
15,6,6
15,6,6
15,6,6
0,0,0
0,0,0
0,0,0
6,3,3
6,3,3
6,3,3
6,3,3
61,12,12
138,12,12
135,12,12
61,12,12
139,12,12
145,15,12
142,14,12
68,15,12
146,15,12
219,25,12
145,15,12
223,26,12
142,14,12
220,26,12
146,15,12
151,15,12
148,14,12
74,15,12
152,15,12
225,25,12
151,15,12
229,26,12
148,14,12
226,26,12
152,15,12
30,6,6
30,6,6
30,6,6
30,6,6
30,6,6
30,6,6
232,30,18
158,21,21
236,32,21
145,15,12
149,17,15
143,13,9
155,19,18
233,31,18
142,14,12
146,15,12
159,21,21
68,15,12
72,17,15
66,13,9
146,15,12
150,17,15
144,13,9
59,13,12
57,11,9
232,30,18
310,53,51
219,25,12
223,26,12
282,39,33
282,39,33
282,39,33
282,39,33
282,39,33
282,39,33
282,39,33
282,39,33
282,39,33
282,39,33
282,39,33
236,32,21
145,15,12
149,17,15
143,13,9
223,26,12
227,28,15
221,24,9
286,40,33
286,40,33
286,40,33
286,40,33
286,40,33
286,40,33
286,40,33
286,40,33
286,40,33
286,40,33
286,40,33
136,13,12
134,11,9
258,33,33
258,33,33
258,33,33
258,33,33
258,33,33
258,33,33
258,33,33
258,33,33
258,33,33
258,33,33
258,33,33
258,33,33
258,33,33
258,33,33
258,33,33
258,33,33
258,33,33
258,33,33
258,33,33
258,33,33
258,33,33
258,33,33
258,33,33
258,33,33
258,33,33
258,33,33
258,33,33
258,33,33
258,33,33
258,33,33
258,33,33
258,33,33
258,33,33
258,33,33
258,33,33
258,33,33
258,33,33
258,33,33
258,33,33
258,33,33
258,33,33
258,33,33
258,33,33
258,33,33
258,33,33
258,33,33
258,33,33
258,33,33
258,33,33
258,33,33
258,33,33
258,33,33
258,33,33
258,33,33
258,33,33
233,31,18
142,14,12
146,15,12
220,26,12
224,27,12
206,18,0
283,40,33
283,40,33
283,40,33
283,40,33
283,40,33
283,40,33
283,40,33
283,40,33
283,40,33
283,40,33
283,40,33
133,12,12
255,33,33
255,33,33
255,33,33
255,33,33
255,33,33
255,33,33
255,33,33
255,33,33
255,33,33
255,33,33
255,33,33
255,33,33
255,33,33
255,33,33
255,33,33
255,33,33
255,33,33
255,33,33
255,33,33
255,33,33
255,33,33
255,33,33
255,33,33
255,33,33
255,33,33
255,33,33
255,33,33
255,33,33
255,33,33
255,33,33
255,33,33
255,33,33
255,33,33
255,33,33
255,33,33
255,33,33
255,33,33
255,33,33
255,33,33
255,33,33
255,33,33
255,33,33
255,33,33
255,33,33
255,33,33
255,33,33
255,33,33
255,33,33
255,33,33
255,33,33
255,33,33
255,33,33
255,33,33
255,33,33
255,33,33
146,15,12
150,17,15
144,13,9
59,13,12
57,11,9
137,13,12
135,11,9
259,33,33
259,33,33
259,33,33
259,33,33
259,33,33
259,33,33
259,33,33
259,33,33
259,33,33
259,33,33
259,33,33
259,33,33
259,33,33
259,33,33
259,33,33
259,33,33
259,33,33
259,33,33
259,33,33
259,33,33
259,33,33
259,33,33
259,33,33
259,33,33
259,33,33
259,33,33
259,33,33
259,33,33
259,33,33
259,33,33
259,33,33
259,33,33
259,33,33
259,33,33
259,33,33
259,33,33
259,33,33
259,33,33
259,33,33
259,33,33
259,33,33
259,33,33
259,33,33
259,33,33
259,33,33
259,33,33
259,33,33
259,33,33
259,33,33
259,33,33
259,33,33
259,33,33
259,33,33
259,33,33
259,33,33
6,3,3
6,3,3
6,3,3
15,6,6
15,6,6
15,6,6
16,6,6
16,6,6
16,6,6
6,3,3
20,7,6
20,7,6
21,8,6
0,0,0
231,33,33
231,33,33
231,33,33
231,33,33
231,33,33
231,33,33
231,33,33
231,33,33
231,33,33
231,33,33
231,33,33
231,33,33
231,33,33
231,33,33
231,33,33
231,33,33
231,33,33
231,33,33
231,33,33
231,33,33
231,33,33
231,33,33
231,33,33
231,33,33
231,33,33
231,33,33
231,33,33
231,33,33
231,33,33
231,33,33
231,33,33
231,33,33
231,33,33
231,33,33
231,33,33
231,33,33
270,36,36
270,36,36
270,36,36
270,36,36
270,36,36
270,36,36
270,36,36
270,36,36
270,36,36
270,36,36
270,36,36
270,36,36
270,36,36
270,36,36
270,36,36
270,36,36
270,36,36
270,36,36
270,36,36
270,36,36
270,36,36
270,36,36
270,36,36
270,36,36
270,36,36
270,36,36
270,36,36
270,36,36
270,36,36
270,36,36
270,36,36
270,36,36
270,36,36
270,36,36
270,36,36
270,36,36
270,36,36
270,36,36
270,36,36
270,36,36
270,36,36
270,36,36
270,36,36
270,36,36
270,36,36
270,36,36
270,36,36
270,36,36
270,36,36
270,36,36
270,36,36
270,36,36
270,36,36
270,36,36
270,36,36
270,36,36
270,36,36
270,36,36
270,36,36
270,36,36
270,36,36
270,36,36
270,36,36
270,36,36
270,36,36
270,36,36
270,36,36
270,36,36
270,36,36
270,36,36
270,36,36
270,36,36
270,36,36
270,36,36
270,36,36
270,36,36
270,36,36
270,36,36
270,36,36
270,36,36
270,36,36
270,36,36
270,36,36
270,36,36
270,36,36
270,36,36
270,36,36
270,36,36
270,36,36
270,36,36
270,36,36
270,36,36
270,36,36
270,36,36
270,36,36
270,36,36
270,36,36
270,36,36
270,36,36
270,36,36
270,36,36
270,36,36
270,36,36
270,36,36
270,36,36
270,36,36
270,36,36
270,36,36
270,36,36
270,36,36
270,36,36
270,36,36
270,36,36
270,36,36
270,36,36
270,36,36
270,36,36
270,36,36
270,36,36
270,36,36
270,36,36
270,36,36
270,36,36
270,36,36
270,36,36
270,36,36
270,36,36
270,36,36
270,36,36
270,36,36
270,36,36
270,36,36
270,36,36
270,36,36
270,36,36
270,36,36
270,36,36
270,36,36
270,36,36
270,36,36
270,36,36
270,36,36
270,36,36
270,36,36
270,36,36
270,36,36
270,36,36
270,36,36
270,36,36
270,36,36
270,36,36
270,36,36
270,36,36
270,36,36
270,36,36
270,36,36
270,36,36
270,36,36
270,36,36
270,36,36
270,36,36
270,36,36
270,36,36
270,36,36
270,36,36
270,36,36
270,36,36
270,36,36
270,36,36
270,36,36
270,36,36
270,36,36
270,36,36
270,36,36
270,36,36
270,36,36
270,36,36
270,36,36
270,36,36
270,36,36
270,36,36
270,36,36
270,36,36
270,36,36
270,36,36
270,36,36
270,36,36
270,36,36
270,36,36
270,36,36
270,36,36
270,36,36
270,36,36
270,36,36
270,36,36
270,36,36
270,36,36
270,36,36
270,36,36
270,36,36
270,36,36
270,36,36
270,36,36
270,36,36
270,36,36
270,36,36
270,36,36
270,36,36
270,36,36
270,36,36
270,36,36
270,36,36
270,36,36
270,36,36
270,36,36
270,36,36
270,36,36
270,36,36
270,36,36
270,36,36
6,3,3
6,3,3
6,3,3
6,3,3
21,9,9
19,7,6
19,7,6
19,7,6
19,7,6
17,6,6
6,3,3
15,6,6
15,6,6
15,6,6
15,6,6
15,6,6
15,6,6
6,0,0
16,6,6
16,6,6
15,6,6
0,0,0
15,6,6
0,0,0
0,0,0
132,24,24
132,24,24
132,24,24
132,24,24
132,24,24
132,24,24
132,24,24
132,24,24
132,24,24
132,24,24
132,24,24
132,24,24
132,24,24
132,24,24
132,24,24
132,24,24
132,24,24
132,24,24
132,24,24
132,24,24
132,24,24
132,24,24
132,24,24
132,24,24
132,24,24
132,24,24
132,24,24
132,24,24
0,0,0
6,3,3
6,3,3
6,3,3
6,3,3
0,0,0
0,0,0
0,0,0
0,0,0
6,3,3
6,3,3
6,3,3
6,3,3
0,0,0
0,0,0
41,11,9
41,11,9
41,11,9
48,15,15
41,11,9
41,11,9
48,15,15
41,11,9
41,11,9
48,15,15
34,9,9
41,11,9
41,11,9
15,6,6
15,6,6
15,6,6
15,6,6
15,6,6
15,6,6
27,9,9
27,9,9
27,9,9
27,9,9
27,9,9
27,9,9
27,9,9
27,9,9
27,9,9
27,9,9
27,9,9
27,9,9
27,9,9
756,63,63
756,63,63
756,63,63
756,63,63
756,63,63
756,63,63
756,63,63
756,63,63
756,63,63
756,63,63
756,63,63
756,63,63
756,63,63
756,63,63
756,63,63
756,63,63
756,63,63
756,63,63
756,63,63
756,63,63
756,63,63
756,63,63
756,63,63
756,63,63
756,63,63
756,63,63
756,63,63
756,63,63
756,63,63
756,63,63
756,63,63
756,63,63
756,63,63
756,63,63
756,63,63
756,63,63
756,63,63
756,63,63
756,63,63
756,63,63
756,63,63
756,63,63
756,63,63
756,63,63
756,63,63
756,63,63
756,63,63
756,63,63
756,63,63
756,63,63
756,63,63
756,63,63
756,63,63
756,63,63
756,63,63
756,63,63
756,63,63
756,63,63
756,63,63
756,63,63
756,63,63
756,63,63
756,63,63
756,63,63
756,63,63
756,63,63
756,63,63
756,63,63
756,63,63
756,63,63
756,63,63
756,63,63
756,63,63
756,63,63
756,63,63
756,63,63
756,63,63
756,63,63
756,63,63
756,63,63
756,63,63
756,63,63
756,63,63
756,63,63
756,63,63
756,63,63
756,63,63
756,63,63
756,63,63
756,63,63
756,63,63
756,63,63
756,63,63
756,63,63
756,63,63
756,63,63
756,63,63
756,63,63
756,63,63
756,63,63
756,63,63
756,63,63
756,63,63
756,63,63
756,63,63
756,63,63
756,63,63
756,63,63
756,63,63
756,63,63
756,63,63
756,63,63
756,63,63
756,63,63
756,63,63
756,63,63
756,63,63
756,63,63
756,63,63
756,63,63
756,63,63
756,63,63
756,63,63
756,63,63
756,63,63
756,63,63
756,63,63
756,63,63
756,63,63
756,63,63
756,63,63
756,63,63
756,63,63
756,63,63
756,63,63
756,63,63
756,63,63
756,63,63
756,63,63
756,63,63
756,63,63
756,63,63
756,63,63
756,63,63
756,63,63
756,63,63
756,63,63
756,63,63
756,63,63
756,63,63
756,63,63
756,63,63
756,63,63
756,63,63
756,63,63
756,63,63
756,63,63
756,63,63
756,63,63
756,63,63
756,63,63
756,63,63
756,63,63
756,63,63
756,63,63
756,63,63
756,63,63
756,63,63
756,63,63
756,63,63
756,63,63
756,63,63
756,63,63
756,63,63
756,63,63
756,63,63
756,63,63
756,63,63
756,63,63
756,63,63
756,63,63
756,63,63
756,63,63
756,63,63
756,63,63
756,63,63
756,63,63
756,63,63
756,63,63
756,63,63
756,63,63
756,63,63
756,63,63
756,63,63
756,63,63
756,63,63
756,63,63
756,63,63
756,63,63
756,63,63
756,63,63
756,63,63
756,63,63
756,63,63
756,63,63
756,63,63
756,63,63
756,63,63
756,63,63
756,63,63
6,3,3
0,0,0
0,0,0
0,0,0
143,24,18
143,24,18
150,27,24
143,24,18
131,18,6
95,12,6
117,20,18
117,20,18
139,22,18
146,24,18
139,22,18
113,18,18
113,18,18
146,24,18
139,22,18
113,18,18
113,18,18
146,24,18
134,20,6
98,12,6
120,20,18
120,20,18
113,18,18
113,18,18
87,18,18
6,3,3
0,0,0
0,0,0
60,15,15
60,15,15
60,15,15
60,15,15
60,15,15
60,15,15
60,15,15
60,15,15
60,15,15
60,15,15
74,18,15
79,14,9
69,16,15
62,13,12
62,13,12
68,16,15
84,17,15
74,18,15
67,15,12
67,15,12
58,11,6
73,19,18
79,14,9
63,9,6
78,14,9
62,13,12
62,13,12
68,16,15
31,3,3
55,12,12
61,14,12
61,14,12
0,0,0
162,27,27
162,27,27
162,27,27
162,27,27
162,27,27
162,27,27
162,27,27
162,27,27
162,27,27
162,27,27
162,27,27
162,27,27
162,27,27
162,27,27
162,27,27
162,27,27
162,27,27
162,27,27
162,27,27
162,27,27
162,27,27
162,27,27
162,27,27
162,27,27
162,27,27
162,27,27
162,27,27
162,27,27
162,27,27
162,27,27
162,27,27
162,27,27
162,27,27
162,27,27
162,27,27
162,27,27
162,27,27
162,27,27
162,27,27
162,27,27
162,27,27
162,27,27
162,27,27
162,27,27
162,27,27
0,0,0
0,0,0
0,0,0
15,6,6
15,6,6
15,6,6
15,6,6
15,6,6
15,6,6
15,6,6
15,6,6
15,6,6
15,6,6
0,0,0
0,0,0
27,9,9
27,9,9
27,9,9
27,9,9
27,9,9
27,9,9
27,9,9
27,9,9
27,9,9
27,9,9
231,33,33
231,33,33
231,33,33
231,33,33
231,33,33
231,33,33
231,33,33
231,33,33
231,33,33
231,33,33
231,33,33
231,33,33
231,33,33
231,33,33
231,33,33
231,33,33
231,33,33
231,33,33
231,33,33
231,33,33
231,33,33
231,33,33
231,33,33
231,33,33
231,33,33
231,33,33
231,33,33
231,33,33
231,33,33
231,33,33
231,33,33
231,33,33
231,33,33
231,33,33
231,33,33
231,33,33
231,33,33
231,33,33
231,33,33
231,33,33
231,33,33
231,33,33
231,33,33
231,33,33
231,33,33
231,33,33
231,33,33
231,33,33
231,33,33
231,33,33
231,33,33
231,33,33
231,33,33
231,33,33
231,33,33
0,0,0
16,6,6
231,33,33
231,33,33
231,33,33
231,33,33
231,33,33
231,33,33
231,33,33
231,33,33
231,33,33
231,33,33
231,33,33
231,33,33
231,33,33
231,33,33
231,33,33
231,33,33
231,33,33
231,33,33
231,33,33
231,33,33
231,33,33
231,33,33
231,33,33
231,33,33
231,33,33
231,33,33
231,33,33
231,33,33
231,33,33
231,33,33
231,33,33
231,33,33
231,33,33
231,33,33
231,33,33
231,33,33
231,33,33
231,33,33
231,33,33
231,33,33
231,33,33
231,33,33
231,33,33
231,33,33
231,33,33
231,33,33
231,33,33
231,33,33
231,33,33
231,33,33
231,33,33
231,33,33
231,33,33
231,33,33
231,33,33
231,33,33
231,33,33
231,33,33
231,33,33
231,33,33
231,33,33
231,33,33
231,33,33
231,33,33
231,33,33
231,33,33
231,33,33
231,33,33
231,33,33
231,33,33
231,33,33
231,33,33
231,33,33
231,33,33
231,33,33
231,33,33
231,33,33
231,33,33
231,33,33
231,33,33
231,33,33
231,33,33
231,33,33
231,33,33
231,33,33
231,33,33
231,33,33
231,33,33
231,33,33
231,33,33
231,33,33
231,33,33
231,33,33
231,33,33
231,33,33
231,33,33
231,33,33
231,33,33
231,33,33
231,33,33
231,33,33
231,33,33
231,33,33
231,33,33
231,33,33
231,33,33
231,33,33
231,33,33
231,33,33
231,33,33
231,33,33
231,33,33
231,33,33
231,33,33
231,33,33
231,33,33
231,33,33
231,33,33
231,33,33
231,33,33
231,33,33
231,33,33
231,33,33
231,33,33
231,33,33
231,33,33
231,33,33
231,33,33
231,33,33
231,33,33
231,33,33
231,33,33
231,33,33
231,33,33
231,33,33
231,33,33
231,33,33
231,33,33
231,33,33
231,33,33
231,33,33
231,33,33
231,33,33
231,33,33
231,33,33
231,33,33
231,33,33
231,33,33
231,33,33
231,33,33
231,33,33
231,33,33
231,33,33
231,33,33
231,33,33
231,33,33
231,33,33
231,33,33
231,33,33
231,33,33
231,33,33
231,33,33
231,33,33
231,33,33
231,33,33
162,27,27
162,27,27
162,27,27
162,27,27
162,27,27
162,27,27
162,27,27
162,27,27
162,27,27
162,27,27
162,27,27
162,27,27
162,27,27
162,27,27
162,27,27
162,27,27
162,27,27
162,27,27
162,27,27
162,27,27
162,27,27
162,27,27
162,27,27
162,27,27
162,27,27
162,27,27
162,27,27
162,27,27
162,27,27
162,27,27
162,27,27
162,27,27
162,27,27
162,27,27
162,27,27
162,27,27
15,6,6
15,6,6
15,6,6
15,6,6
15,6,6
15,6,6
0,0,0
6,3,3
129,24,21
128,24,21
119,21,18
119,22,15
121,23,21
113,19,15
115,21,18
106,18,15
108,17,9
105,19,18
107,17,9
98,17,15
90,15,15
92,17,15
120,23,18
111,19,15
111,17,3
113,18,9
110,20,18
110,17,3
112,18,9
77,10,3
103,20,15
95,18,15
97,17,15
0,0,0
6,3,3
0,0,0
27,9,9
27,9,9
27,9,9
27,9,9
27,9,9
27,9,9
27,9,9
27,9,9
27,9,9
27,9,9
27,9,9
27,9,9
27,9,9
12,3,0
17,7,6
17,7,6
16,6,6
22,8,6
21,7,6
20,7,6
24,10,9
23,9,6
19,6,3
18,5,0
22,8,6
18,5,3
16,4,0
16,6,6
0,0,0
21,7,6
17,5,3
17,5,3
18,6,3
14,5,3
0,0,0
0,0,0
16,3,3
17,3,3
17,3,3
15,6,6
15,6,6
15,6,6
15,6,6
15,6,6
15,6,6
15,6,6
15,6,6
15,6,6
15,6,6
31,6,6
55,9,6
55,9,6
55,9,6
97,18,15
27,9,9
27,9,9
27,9,9
27,9,9
27,9,9
27,9,9
6,3,3
6,3,3
6,3,3
6,3,3
60,15,15
60,15,15
60,15,15
60,15,15
60,15,15
60,15,15
60,15,15
60,15,15
60,15,15
60,15,15
60,15,15
60,15,15
60,15,15
60,15,15
60,15,15
10,4,3
10,4,3
10,4,3
10,4,3
10,4,3
10,4,3
12,6,6
162,27,27
162,27,27
162,27,27
162,27,27
162,27,27
162,27,27
162,27,27
162,27,27
162,27,27
162,27,27
162,27,27
162,27,27
162,27,27
162,27,27
162,27,27
162,27,27
162,27,27
162,27,27
162,27,27
162,27,27
162,27,27
162,27,27
162,27,27
162,27,27
162,27,27
162,27,27
162,27,27
162,27,27
15,6,6
15,6,6
15,6,6
15,6,6
162,27,27
162,27,27
162,27,27
162,27,27
162,27,27
162,27,27
162,27,27
162,27,27
162,27,27
162,27,27
162,27,27
162,27,27
162,27,27
162,27,27
162,27,27
162,27,27
162,27,27
162,27,27
162,27,27
162,27,27
162,27,27
756,63,63
756,63,63
756,63,63
756,63,63
756,63,63
756,63,63
756,63,63
756,63,63
756,63,63
756,63,63
756,63,63
756,63,63
756,63,63
756,63,63
756,63,63
756,63,63
756,63,63
756,63,63
756,63,63
756,63,63
756,63,63
756,63,63
756,63,63
756,63,63
756,63,63
756,63,63
756,63,63
756,63,63
756,63,63
756,63,63
756,63,63
756,63,63
756,63,63
756,63,63
756,63,63
756,63,63
756,63,63
756,63,63
756,63,63
756,63,63
756,63,63
756,63,63
756,63,63
756,63,63
756,63,63
756,63,63
756,63,63
756,63,63
756,63,63
756,63,63
756,63,63
756,63,63
756,63,63
756,63,63
756,63,63
756,63,63
756,63,63
756,63,63
756,63,63
756,63,63
756,63,63
756,63,63
756,63,63
756,63,63
756,63,63
756,63,63
756,63,63
756,63,63
756,63,63
756,63,63
756,63,63
756,63,63
756,63,63
756,63,63
756,63,63
756,63,63
756,63,63
756,63,63
756,63,63
756,63,63
756,63,63
756,63,63
756,63,63
756,63,63
756,63,63
756,63,63
756,63,63
756,63,63
756,63,63
756,63,63
756,63,63
756,63,63
756,63,63
756,63,63
756,63,63
756,63,63
756,63,63
756,63,63
756,63,63
756,63,63
756,63,63
756,63,63
756,63,63
756,63,63
756,63,63
756,63,63
756,63,63
756,63,63
756,63,63
756,63,63
756,63,63
756,63,63
756,63,63
756,63,63
756,63,63
756,63,63
756,63,63
756,63,63
756,63,63
756,63,63
756,63,63
756,63,63
756,63,63
756,63,63
756,63,63
756,63,63
756,63,63
756,63,63
756,63,63
756,63,63
756,63,63
756,63,63
756,63,63
756,63,63
756,63,63
756,63,63
756,63,63
756,63,63
756,63,63
756,63,63
756,63,63
756,63,63
756,63,63
756,63,63
756,63,63
756,63,63
756,63,63
756,63,63
756,63,63
756,63,63
756,63,63
756,63,63
756,63,63
756,63,63
756,63,63
756,63,63
756,63,63
756,63,63
756,63,63
756,63,63
756,63,63
756,63,63
756,63,63
756,63,63
756,63,63
756,63,63
756,63,63
756,63,63
756,63,63
756,63,63
756,63,63
756,63,63
756,63,63
756,63,63
756,63,63
756,63,63
756,63,63
756,63,63
756,63,63
756,63,63
756,63,63
756,63,63
756,63,63
756,63,63
756,63,63
756,63,63
756,63,63
756,63,63
756,63,63
756,63,63
81,18,18
81,18,18
81,18,18
81,18,18
81,18,18
81,18,18
81,18,18
81,18,18
81,18,18
81,18,18
81,18,18
81,18,18
81,18,18
81,18,18
81,18,18
81,18,18
81,18,18
81,18,18
81,18,18
81,18,18
81,18,18
81,18,18
81,18,18
81,18,18
81,18,18
81,18,18
81,18,18
81,18,18
41,11,9
41,11,9
41,11,9
41,11,9
41,11,9
48,15,15
34,9,9
41,11,9
41,11,9
34,9,9
41,11,9
41,11,9
34,9,9
0,0,0
6,3,3
15,6,6
15,6,6
15,6,6
15,6,6
42,12,12
42,12,12
42,12,12
42,12,12
42,12,12
42,12,12
42,12,12
42,12,12
42,12,12
42,12,12
42,12,12
42,12,12
42,12,12
42,12,12
42,12,12
42,12,12
42,12,12
42,12,12
42,12,12
42,12,12
42,12,12
42,12,12
42,12,12
42,12,12
42,12,12
42,12,12
42,12,12
42,12,12
42,12,12
42,12,12
42,12,12
42,12,12
42,12,12
42,12,12
42,12,12
60,15,15
60,15,15
60,15,15
60,15,15
60,15,15
60,15,15
60,15,15
60,15,15
60,15,15
60,15,15
60,15,15
60,15,15
60,15,15
60,15,15
60,15,15
60,15,15
60,15,15
60,15,15
60,15,15
60,15,15
60,15,15
60,15,15
60,15,15
60,15,15
60,15,15
60,15,15
60,15,15
60,15,15
60,15,15
60,15,15
60,15,15
60,15,15
60,15,15
60,15,15
60,15,15
60,15,15
60,15,15
60,15,15
60,15,15
60,15,15
60,15,15
60,15,15
60,15,15
60,15,15
60,15,15
60,15,15
60,15,15
60,15,15
60,15,15
60,15,15
60,15,15
60,15,15
60,15,15
60,15,15
60,15,15
60,15,15
60,15,15
60,15,15
60,15,15
60,15,15
60,15,15
60,15,15
60,15,15
60,15,15
60,15,15
60,15,15
60,15,15
60,15,15
60,15,15
60,15,15
60,15,15
60,15,15
60,15,15
60,15,15
60,15,15
60,15,15
0,0,0
0,0,0
6,3,3
6,3,3
6,3,3
6,3,3
6,3,3
6,3,3
14,5,3
14,5,3
78,15,12
68,18,18
61,14,12
61,14,12
67,17,15
73,14,12
72,12,9
56,14,12
56,14,12
62,16,15
49,12,12
55,13,12
55,13,12
78,15,12
62,9,6
77,14,9
61,14,12
61,14,12
67,17,15
54,12,12
60,14,12
60,14,12
72,12,9
59,12,12
59,12,12
59,12,12
59,12,12
59,12,12
59,12,12
59,12,12
59,12,12
59,12,12
59,12,12
59,12,12
59,12,12
59,12,12
59,12,12
59,12,12
49,12,12
55,13,12
55,13,12
6,3,3
6,3,3
6,3,3
6,3,3
6,3,3
6,3,3
6,3,3
6,3,3
27,9,9
27,9,9
27,9,9
27,9,9
0,0,0
0,0,0
15,6,6
0,0,0
231,33,33
231,33,33
231,33,33
231,33,33
231,33,33
231,33,33
231,33,33
231,33,33
231,33,33
231,33,33
231,33,33
231,33,33
231,33,33
231,33,33
231,33,33
231,33,33
231,33,33
231,33,33
231,33,33
231,33,33
231,33,33
231,33,33
231,33,33
231,33,33
231,33,33
231,33,33
231,33,33
231,33,33
231,33,33
231,33,33
231,33,33
231,33,33
231,33,33
231,33,33
231,33,33
231,33,33
231,33,33
231,33,33
231,33,33
231,33,33
231,33,33
231,33,33
231,33,33
231,33,33
231,33,33
231,33,33
231,33,33
231,33,33
231,33,33
231,33,33
231,33,33
231,33,33
231,33,33
231,33,33
231,33,33
0,0,0
16,5,3
15,5,3
18,7,6
20,9,9
18,7,6
17,6,3
15,5,3
17,6,3
15,5,3
17,6,3
15,5,3
17,6,3
0,0,0
19,7,6
21,9,9
19,7,6
19,7,6
17,6,6
19,7,6
19,7,6
17,6,6
19,7,6
17,6,6
6,3,3
11,4,3
11,4,3
0,0,0
0,0,0
15,6,6
15,6,6
15,6,6
15,6,6
15,6,6
15,6,6
15,6,6
15,6,6
15,6,6
15,6,6
15,6,6
15,6,6
15,6,6
0,0,0
0,0,0
27,9,9
0,0,0
6,0,0
16,6,6
16,6,6
16,6,6
60,15,15
60,15,15
60,15,15
60,15,15
60,15,15
60,15,15
15,6,6
15,6,6
15,6,6
15,6,6
6,3,3
0,0,0
48,13,12
51,15,15
48,13,12
48,13,12
45,12,12
48,13,12
15,6,6
6,3,3
7,3,3
0,0,0
756,63,63
756,63,63
756,63,63
756,63,63
756,63,63
756,63,63
756,63,63
756,63,63
756,63,63
756,63,63
756,63,63
756,63,63
756,63,63
756,63,63
756,63,63
756,63,63
756,63,63
756,63,63
756,63,63
756,63,63
756,63,63
756,63,63
756,63,63
756,63,63
756,63,63
756,63,63
756,63,63
756,63,63
756,63,63
756,63,63
756,63,63
756,63,63
756,63,63
756,63,63
756,63,63
756,63,63
756,63,63
756,63,63
756,63,63
756,63,63
756,63,63
756,63,63
756,63,63
756,63,63
756,63,63
756,63,63
756,63,63
756,63,63
756,63,63
756,63,63
756,63,63
756,63,63
756,63,63
756,63,63
756,63,63
756,63,63
756,63,63
756,63,63
756,63,63
756,63,63
756,63,63
756,63,63
756,63,63
756,63,63
756,63,63
756,63,63
756,63,63
756,63,63
756,63,63
756,63,63
756,63,63
756,63,63
756,63,63
756,63,63
756,63,63
756,63,63
756,63,63
756,63,63
756,63,63
756,63,63
756,63,63
756,63,63
756,63,63
756,63,63
756,63,63
756,63,63
756,63,63
756,63,63
756,63,63
756,63,63
756,63,63
756,63,63
756,63,63
756,63,63
756,63,63
756,63,63
756,63,63
756,63,63
756,63,63
756,63,63
756,63,63
756,63,63
756,63,63
756,63,63
756,63,63
756,63,63
756,63,63
756,63,63
756,63,63
756,63,63
756,63,63
756,63,63
756,63,63
756,63,63
756,63,63
756,63,63
756,63,63
756,63,63
756,63,63
756,63,63
756,63,63
756,63,63
756,63,63
756,63,63
756,63,63
756,63,63
756,63,63
756,63,63
756,63,63
756,63,63
756,63,63
756,63,63
756,63,63
756,63,63
756,63,63
756,63,63
756,63,63
756,63,63
756,63,63
756,63,63
756,63,63
756,63,63
756,63,63
756,63,63
756,63,63
756,63,63
756,63,63
756,63,63
756,63,63
756,63,63
756,63,63
756,63,63
756,63,63
756,63,63
756,63,63
756,63,63
756,63,63
756,63,63
756,63,63
756,63,63
756,63,63
756,63,63
756,63,63
756,63,63
756,63,63
756,63,63
756,63,63
756,63,63
756,63,63
756,63,63
756,63,63
0,0,0
6,3,3
0,0,0
0,0,0
6,3,3
6,3,3
6,3,3
6,3,3
6,3,3
6,3,3
6,3,3
0,0,0
195,30,30
195,30,30
195,30,30
195,30,30
195,30,30
195,30,30
195,30,30
195,30,30
195,30,30
195,30,30
195,30,30
195,30,30
195,30,30
195,30,30
195,30,30
195,30,30
195,30,30
195,30,30
195,30,30
195,30,30
195,30,30
195,30,30
195,30,30
195,30,30
195,30,30
195,30,30
195,30,30
195,30,30
195,30,30
195,30,30
195,30,30
195,30,30
195,30,30
195,30,30
195,30,30
195,30,30
0,0,0
195,30,30
195,30,30
195,30,30
195,30,30
195,30,30
195,30,30
195,30,30
195,30,30
195,30,30
195,30,30
195,30,30
195,30,30
195,30,30
195,30,30
195,30,30
195,30,30
195,30,30
195,30,30
195,30,30
195,30,30
195,30,30
195,30,30
195,30,30
195,30,30
195,30,30
195,30,30
195,30,30
195,30,30
105,21,21
105,21,21
105,21,21
105,21,21
105,21,21
105,21,21
105,21,21
105,21,21
105,21,21
105,21,21
105,21,21
105,21,21
105,21,21
105,21,21
105,21,21
105,21,21
105,21,21
105,21,21
105,21,21
105,21,21
105,21,21
105,21,21
105,21,21
105,21,21
105,21,21
105,21,21
105,21,21
105,21,21
105,21,21
105,21,21
105,21,21
105,21,21
105,21,21
105,21,21
105,21,21
105,21,21
105,21,21
105,21,21
105,21,21
105,21,21
105,21,21
105,21,21
105,21,21
105,21,21
105,21,21
105,21,21
105,21,21
105,21,21
105,21,21
105,21,21
105,21,21
105,21,21
105,21,21
105,21,21
105,21,21
105,21,21
105,21,21
105,21,21
105,21,21
105,21,21
105,21,21
105,21,21
105,21,21
105,21,21
105,21,21
105,21,21
105,21,21
105,21,21
105,21,21
105,21,21
105,21,21
105,21,21
105,21,21
105,21,21
105,21,21
105,21,21
105,21,21
105,21,21
105,21,21
105,21,21
105,21,21
105,21,21
105,21,21
105,21,21
105,21,21
105,21,21
105,21,21
105,21,21
105,21,21
105,21,21
105,21,21
105,21,21
105,21,21
105,21,21
105,21,21
105,21,21
105,21,21
105,21,21
105,21,21
105,21,21
105,21,21
105,21,21
105,21,21
105,21,21
105,21,21
105,21,21
105,21,21
105,21,21
105,21,21
105,21,21
105,21,21
105,21,21
105,21,21
105,21,21
105,21,21
105,21,21
42,12,12
231,33,33
231,33,33
231,33,33
231,33,33
231,33,33
231,33,33
231,33,33
231,33,33
231,33,33
231,33,33
231,33,33
231,33,33
231,33,33
231,33,33
231,33,33
231,33,33
231,33,33
231,33,33
231,33,33
231,33,33
231,33,33
231,33,33
231,33,33
231,33,33
231,33,33
231,33,33
231,33,33
231,33,33
231,33,33
231,33,33
231,33,33
231,33,33
231,33,33
231,33,33
231,33,33
231,33,33
231,33,33
231,33,33
231,33,33
231,33,33
231,33,33
231,33,33
231,33,33
231,33,33
231,33,33
195,30,30
195,30,30
195,30,30
195,30,30
195,30,30
195,30,30
195,30,30
195,30,30
195,30,30
195,30,30
195,30,30
195,30,30
195,30,30
195,30,30
195,30,30
195,30,30
195,30,30
195,30,30
195,30,30
195,30,30
195,30,30
42,12,12
42,12,12
42,12,12
42,12,12
42,12,12
42,12,12
42,12,12
42,12,12
42,12,12
42,12,12
0,0,0
0,0,0
0,0,0
195,30,30
195,30,30
195,30,30
195,30,30
195,30,30
195,30,30
195,30,30
195,30,30
195,30,30
195,30,30
195,30,30
195,30,30
195,30,30
195,30,30
195,30,30
366,44,42
336,38,33
362,43,39
368,44,42
354,42,39
349,41,39
349,41,39
343,39,33
360,43,39
368,44,42
362,43,42
305,32,18
360,43,42
335,40,39
338,39,36
334,37,33
360,43,39
366,44,42
352,41,39
347,41,39
347,41,39
341,39,33
358,43,39
366,44,42
360,43,42
303,32,18
358,43,42
333,40,39
336,39,36
330,37,33
336,38,33
322,36,33
317,36,24
317,36,24
328,37,33
336,38,33
330,37,27
328,36,27
306,34,27
362,43,39
348,41,39
343,39,36
343,39,36
337,37,21
354,41,33
362,43,39
356,42,36
354,42,36
329,38,24
332,38,36
354,42,39
349,41,39
349,41,39
343,39,33
360,43,39
368,44,42
362,43,42
305,32,18
360,43,42
335,40,39
338,39,36
335,39,36
335,39,36
329,37,21
346,40,33
354,42,39
348,42,36
346,41,36
321,38,24
324,38,36
330,40,39
324,38,33
341,39,33
349,41,39
343,41,36
341,41,36
316,38,24
319,38,27
324,38,33
341,39,33
349,41,39
343,41,36
341,41,36
316,38,24
319,38,27
335,36,18
343,39,33
337,38,24
335,38,24
310,36,24
360,43,39
354,42,36
352,42,36
327,38,18
330,37,27
362,43,42
305,32,18
360,43,42
335,40,39
338,39,36
299,32,18
354,43,42
329,40,39
332,39,36
297,32,18
272,25,18
327,40,39
330,39,36
305,37,24
356,41,36
382,48,48
388,48,48
374,45,42
369,44,42
369,44,42
363,44,42
380,48,48
388,48,48
272,24,12
382,46,45
325,40,36
380,46,45
355,42,39
297,30,18
358,42,39
352,42,39
358,42,39
344,40,36
339,39,36
339,39,36
333,35,24
350,42,39
358,42,39
352,40,36
350,39,33
267,26,15
328,37,33
384,48,48
370,46,45
365,43,39
365,43,39
359,43,39
376,47,45
384,48,48
268,24,12
378,46,45
321,34,18
376,46,45
351,41,36
293,32,24
354,42,39
376,46,45
371,44,42
371,44,42
365,44,42
382,48,48
390,48,48
274,24,12
384,46,45
327,40,36
382,46,45
357,42,39
299,32,24
360,42,39
357,42,39
357,42,39
351,42,39
368,45,42
376,46,45
370,45,45
313,33,18
368,44,42
343,40,36
285,28,15
346,41,39
352,42,42
346,42,42
363,43,39
371,44,42
365,43,42
308,33,21
363,43,42
338,39,36
341,40,39
346,42,42
363,43,39
371,44,42
365,43,42
308,33,21
363,43,42
338,39,36
341,40,39
357,42,36
365,44,42
359,42,39
302,33,21
357,42,39
332,39,36
335,37,30
382,48,48
266,24,12
376,46,45
319,33,15
374,46,45
349,41,36
291,32,24
352,41,36
274,24,12
384,46,45
327,40,36
382,46,45
357,42,39
299,32,24
360,42,39
321,39,36
376,45,45
351,41,39
293,31,24
354,41,39
319,39,36
294,31,18
349,41,39
291,29,18
352,41,39
327,38,36
350,41,36
356,41,36
342,38,36
337,38,36
337,38,36
331,34,24
348,41,36
356,41,36
350,39,33
348,38,33
326,36,33
382,48,48
368,45,42
363,43,39
363,43,39
357,43,39
374,47,45
382,48,48
266,24,12
376,46,45
319,34,18
374,46,45
349,41,36
291,30,18
352,42,39
374,45,42
369,44,42
369,44,42
363,44,42
380,48,48
388,48,48
272,24,12
382,46,45
325,40,36
380,46,45
355,42,39
297,30,18
358,42,39
355,41,39
355,41,39
349,41,39
366,44,39
374,45,42
368,44,42
311,32,18
366,43,42
341,39,36
344,40,39
350,42,42
344,42,42
361,43,39
369,44,42
363,43,42
306,33,21
361,43,42
336,39,36
339,40,39
344,42,42
361,43,39
369,44,42
363,43,42
306,33,21
361,43,42
336,39,36
339,40,39
355,42,36
363,44,42
357,42,39
300,33,21
355,42,39
330,39,36
333,37,30
380,48,48
264,24,12
374,46,45
317,33,15
372,46,45
347,41,36
289,30,18
350,41,36
272,24,12
382,46,45
325,40,36
380,46,45
355,42,39
297,30,18
358,42,39
319,39,36
374,45,45
349,41,39
291,29,18
352,41,39
317,39,36
292,31,18
347,41,39
289,27,18
350,41,39
325,38,36
352,42,39
338,40,36
333,38,36
333,38,36
327,34,24
344,41,39
352,42,39
346,40,36
344,39,33
261,26,15
322,37,33
344,40,36
339,39,36
339,39,36
333,35,24
350,42,39
358,42,39
352,40,36
350,39,33
267,26,15
328,37,33
325,37,36
325,37,36
319,33,24
336,39,36
344,40,36
338,39,33
336,37,33
314,36,33
320,38,36
314,34,24
331,38,36
339,39,36
333,38,30
331,37,30
309,36,30
314,34,24
331,38,36
339,39,36
333,38,30
331,37,30
309,36,30
325,33,24
333,35,24
350,42,39
344,40,36
342,39,33
259,26,15
320,36,33
352,40,36
350,39,33
267,26,15
328,37,33
108,6,6
108,6,6
108,6,6
344,38,33
261,25,15
322,36,33
320,35,33
108,6,6
108,6,6
108,6,6
370,46,45
365,43,39
365,43,39
359,43,39
376,47,45
384,48,48
268,24,12
378,46,45
321,34,18
376,46,45
351,41,36
293,32,24
354,42,39
351,41,39
351,41,39
345,41,39
362,44,42
370,46,45
364,45,45
307,27,18
362,44,42
337,39,36
279,28,15
340,41,39
346,40,39
340,40,39
357,41,36
365,43,39
359,42,39
357,42,39
332,37,30
335,39,39
340,40,39
357,41,36
365,43,39
359,42,39
357,42,39
332,37,30
335,39,39
351,40,30
359,43,39
353,41,33
351,41,33
326,37,30
329,36,30
376,47,45
260,23,12
370,45,42
368,45,42
343,39,24
285,31,24
346,40,36
268,24,12
378,46,45
321,34,18
376,46,45
351,41,36
293,32,24
354,42,39
315,33,18
370,45,45
345,40,36
287,31,24
348,41,39
313,33,18
343,40,36
285,29,18
346,41,39
321,37,36
357,42,39
357,42,39
351,42,39
368,45,42
376,46,45
370,45,45
313,33,18
368,44,42
343,40,36
285,28,15
346,41,39
352,42,42
346,42,42
363,43,39
371,44,42
365,43,42
308,33,21
363,43,42
338,39,36
341,40,39
346,42,42
363,43,39
371,44,42
365,43,42
308,33,21
363,43,42
338,39,36
341,40,39
357,42,36
365,44,42
359,42,39
302,33,21
357,42,39
332,39,36
335,37,30
382,48,48
266,24,12
376,46,45
319,33,15
374,46,45
349,41,36
291,32,24
352,41,36
274,24,12
384,46,45
327,40,36
382,46,45
357,42,39
299,32,24
360,42,39
321,39,36
376,45,45
351,41,39
293,31,24
354,41,39
319,39,36
294,31,18
349,41,39
291,29,18
352,41,39
327,38,36
338,40,39
332,40,39
349,40,36
357,42,39
351,42,39
349,41,39
324,37,30
327,39,39
332,40,39
349,40,36
357,42,39
351,42,39
349,41,39
324,37,30
327,39,39
343,39,30
351,42,39
345,41,33
343,40,33
318,37,30
321,36,30
368,45,42
362,44,42
360,43,39
335,38,24
277,27,15
338,39,36
370,45,45
313,33,18
368,44,42
343,40,36
285,28,15
346,41,39
307,33,18
362,44,42
337,40,36
279,28,15
340,41,39
305,32,18
335,39,36
338,40,39
313,37,36
327,42,42
344,40,39
352,42,42
346,42,42
289,28,21
344,42,42
319,38,36
322,40,39
338,39,36
346,42,42
340,41,39
283,28,21
338,41,39
313,38,36
316,37,30
363,43,39
357,42,39
355,42,39
330,37,24
333,38,30
365,43,42
308,33,21
363,43,42
338,39,36
341,40,39
302,33,21
357,43,42
332,39,36
335,40,39
300,33,21
330,39,36
333,40,39
308,37,30
338,39,36
346,42,42
340,41,39
283,28,21
338,41,39
313,38,36
316,37,30
363,43,39
357,42,39
355,42,39
330,37,24
333,38,30
365,43,42
308,33,21
363,43,42
338,39,36
341,40,39
302,33,21
357,43,42
332,39,36
335,40,39
300,33,21
330,39,36
333,40,39
308,37,30
357,42,36
351,40,30
349,40,30
324,36,24
359,42,39
302,33,21
357,42,39
332,39,36
335,37,30
296,32,21
351,41,39
326,38,36
329,36,30
294,32,21
324,38,36
327,36,30
302,34,30
266,24,12
376,46,45
319,33,15
374,46,45
349,41,36
291,32,24
352,41,36
313,32,15
368,45,45
343,40,36
285,31,24
346,40,36
311,32,15
341,40,36
283,29,18
344,40,36
319,36,24
321,39,36
376,45,45
351,41,39
293,31,24
354,41,39
319,39,36
294,31,18
349,41,39
291,29,18
352,41,39
327,38,36
6,3,3
6,3,3
6,3,3
6,3,3
0,0,0
0,0,0
162,27,27
162,27,27
162,27,27
162,27,27
162,27,27
162,27,27
162,27,27
162,27,27
162,27,27
162,27,27
162,27,27
162,27,27
162,27,27
162,27,27
162,27,27
6,3,3
6,3,3
6,3,3
15,6,6
15,6,6
15,6,6
132,24,24
132,24,24
132,24,24
132,24,24
132,24,24
132,24,24
132,24,24
132,24,24
132,24,24
132,24,24
132,24,24
132,24,24
132,24,24
132,24,24
132,24,24
132,24,24
132,24,24
132,24,24
132,24,24
132,24,24
132,24,24
0,0,0
15,6,6
15,6,6
15,6,6
15,6,6
15,6,6
15,6,6
15,6,6
15,6,6
15,6,6
15,6,6
0,0,0
6,3,3
195,30,30
195,30,30
195,30,30
195,30,30
195,30,30
195,30,30
195,30,30
195,30,30
195,30,30
195,30,30
195,30,30
195,30,30
195,30,30
195,30,30
195,30,30
195,30,30
195,30,30
195,30,30
195,30,30
0,0,0
27,9,9
27,9,9
27,9,9
27,9,9
27,9,9
27,9,9
27,9,9
27,9,9
27,9,9
27,9,9
756,63,63
756,63,63
756,63,63
756,63,63
756,63,63
756,63,63
756,63,63
756,63,63
756,63,63
756,63,63
756,63,63
756,63,63
756,63,63
756,63,63
756,63,63
756,63,63
756,63,63
756,63,63
756,63,63
756,63,63
756,63,63
756,63,63
756,63,63
756,63,63
756,63,63
756,63,63
756,63,63
756,63,63
756,63,63
756,63,63
756,63,63
756,63,63
756,63,63
756,63,63
756,63,63
756,63,63
756,63,63
756,63,63
756,63,63
756,63,63
756,63,63
756,63,63
756,63,63
756,63,63
756,63,63
756,63,63
756,63,63
756,63,63
756,63,63
756,63,63
756,63,63
756,63,63
756,63,63
756,63,63
756,63,63
756,63,63
756,63,63
756,63,63
756,63,63
756,63,63
756,63,63
756,63,63
756,63,63
756,63,63
756,63,63
756,63,63
756,63,63
756,63,63
756,63,63
756,63,63
756,63,63
756,63,63
756,63,63
756,63,63
756,63,63
756,63,63
756,63,63
756,63,63
756,63,63
756,63,63
756,63,63
756,63,63
756,63,63
756,63,63
756,63,63
756,63,63
756,63,63
756,63,63
756,63,63
756,63,63
756,63,63
756,63,63
756,63,63
756,63,63
756,63,63
756,63,63
756,63,63
756,63,63
756,63,63
756,63,63
756,63,63
756,63,63
756,63,63
756,63,63
756,63,63
756,63,63
756,63,63
756,63,63
756,63,63
756,63,63
756,63,63
756,63,63
756,63,63
756,63,63
756,63,63
756,63,63
756,63,63
756,63,63
756,63,63
756,63,63
756,63,63
756,63,63
756,63,63
756,63,63
756,63,63
756,63,63
756,63,63
756,63,63
756,63,63
756,63,63
756,63,63
756,63,63
756,63,63
756,63,63
756,63,63
756,63,63
756,63,63
756,63,63
756,63,63
756,63,63
756,63,63
756,63,63
756,63,63
756,63,63
756,63,63
756,63,63
756,63,63
756,63,63
756,63,63
756,63,63
756,63,63
756,63,63
756,63,63
16,6,6
16,6,6
16,6,6
81,18,18
81,18,18
81,18,18
81,18,18
81,18,18
81,18,18
81,18,18
81,18,18
81,18,18
81,18,18
81,18,18
81,18,18
81,18,18
81,18,18
81,18,18
81,18,18
81,18,18
81,18,18
81,18,18
81,18,18
81,18,18
81,18,18
81,18,18
81,18,18
81,18,18
81,18,18
81,18,18
81,18,18
81,18,18
81,18,18
81,18,18
81,18,18
81,18,18
81,18,18
81,18,18
81,18,18
81,18,18
81,18,18
81,18,18
81,18,18
81,18,18
81,18,18
81,18,18
81,18,18
81,18,18
81,18,18
81,18,18
81,18,18
81,18,18
81,18,18
81,18,18
81,18,18
81,18,18
81,18,18
81,18,18
81,18,18
81,18,18
81,18,18
81,18,18
81,18,18
81,18,18
81,18,18
81,18,18
81,18,18
81,18,18
81,18,18
81,18,18
81,18,18
81,18,18
81,18,18
81,18,18
81,18,18
81,18,18
81,18,18
81,18,18
81,18,18
81,18,18
81,18,18
81,18,18
81,18,18
81,18,18
81,18,18
81,18,18
81,18,18
6,3,3
15,6,6
15,6,6
15,6,6
15,6,6
0,0,0
48,13,12
45,12,12
48,13,12
45,12,12
0,0,0
0,0,0
0,0,0
0,0,0
34,3,3
27,9,9
27,9,9
27,9,9
27,9,9
27,9,9
27,9,9
27,9,9
27,9,9
27,9,9
27,9,9
27,9,9
27,9,9
27,9,9
27,9,9
27,9,9
27,9,9
27,9,9
27,9,9
27,9,9
27,9,9
81,18,18
81,18,18
81,18,18
81,18,18
81,18,18
81,18,18
81,18,18
81,18,18
81,18,18
81,18,18
81,18,18
81,18,18
81,18,18
81,18,18
81,18,18
81,18,18
81,18,18
81,18,18
81,18,18
81,18,18
81,18,18
81,18,18
81,18,18
81,18,18
81,18,18
81,18,18
81,18,18
81,18,18
81,18,18
81,18,18
81,18,18
81,18,18
81,18,18
81,18,18
81,18,18
81,18,18
81,18,18
81,18,18
81,18,18
81,18,18
81,18,18
81,18,18
81,18,18
81,18,18
81,18,18
81,18,18
81,18,18
81,18,18
81,18,18
81,18,18
81,18,18
81,18,18
81,18,18
81,18,18
81,18,18
81,18,18
81,18,18
81,18,18
81,18,18
81,18,18
81,18,18
81,18,18
81,18,18
81,18,18
81,18,18
81,18,18
81,18,18
81,18,18
81,18,18
81,18,18
81,18,18
81,18,18
81,18,18
81,18,18
81,18,18
81,18,18
81,18,18
81,18,18
81,18,18
81,18,18
81,18,18
81,18,18
81,18,18
0,0,0
6,3,3
6,3,3
6,3,3
6,3,3
6,3,3
756,63,63
756,63,63
756,63,63
756,63,63
756,63,63
756,63,63
756,63,63
756,63,63
756,63,63
756,63,63
756,63,63
756,63,63
756,63,63
756,63,63
756,63,63
756,63,63
756,63,63
756,63,63
756,63,63
756,63,63
756,63,63
756,63,63
756,63,63
756,63,63
756,63,63
756,63,63
756,63,63
756,63,63
756,63,63
756,63,63
756,63,63
756,63,63
756,63,63
756,63,63
756,63,63
756,63,63
756,63,63
756,63,63
756,63,63
756,63,63
756,63,63
756,63,63
756,63,63
756,63,63
756,63,63
756,63,63
756,63,63
756,63,63
756,63,63
756,63,63
756,63,63
756,63,63
756,63,63
756,63,63
756,63,63
756,63,63
756,63,63
756,63,63
756,63,63
756,63,63
756,63,63
756,63,63
756,63,63
756,63,63
756,63,63
756,63,63
756,63,63
756,63,63
756,63,63
756,63,63
756,63,63
756,63,63
756,63,63
756,63,63
756,63,63
756,63,63
756,63,63
756,63,63
756,63,63
756,63,63
756,63,63
756,63,63
756,63,63
756,63,63
756,63,63
756,63,63
756,63,63
756,63,63
756,63,63
756,63,63
756,63,63
756,63,63
756,63,63
756,63,63
756,63,63
756,63,63
756,63,63
756,63,63
756,63,63
756,63,63
756,63,63
756,63,63
756,63,63
756,63,63
756,63,63
756,63,63
756,63,63
756,63,63
756,63,63
756,63,63
756,63,63
756,63,63
756,63,63
756,63,63
756,63,63
756,63,63
756,63,63
756,63,63
756,63,63
756,63,63
756,63,63
756,63,63
756,63,63
756,63,63
756,63,63
756,63,63
756,63,63
756,63,63
756,63,63
756,63,63
756,63,63
756,63,63
756,63,63
756,63,63
756,63,63
756,63,63
756,63,63
756,63,63
756,63,63
756,63,63
756,63,63
756,63,63
756,63,63
756,63,63
756,63,63
756,63,63
756,63,63
756,63,63
756,63,63
756,63,63
756,63,63
756,63,63
756,63,63
756,63,63
756,63,63
756,63,63
756,63,63
756,63,63
756,63,63
756,63,63
756,63,63
756,63,63
756,63,63
756,63,63
756,63,63
756,63,63
756,63,63
756,63,63
756,63,63
756,63,63
756,63,63
756,63,63
756,63,63
756,63,63
756,63,63
756,63,63
756,63,63
756,63,63
756,63,63
756,63,63
756,63,63
756,63,63
756,63,63
756,63,63
756,63,63
756,63,63
756,63,63
756,63,63
756,63,63
756,63,63
756,63,63
756,63,63
756,63,63
756,63,63
756,63,63
756,63,63
756,63,63
756,63,63
756,63,63
756,63,63
756,63,63
756,63,63
756,63,63
756,63,63
756,63,63
756,63,63
756,63,63
756,63,63
756,63,63
756,63,63
756,63,63
756,63,63
756,63,63
756,63,63
756,63,63
756,63,63
756,63,63
756,63,63
756,63,63
756,63,63
756,63,63
756,63,63
756,63,63
756,63,63
756,63,63
756,63,63
756,63,63
756,63,63
756,63,63
756,63,63
756,63,63
756,63,63
756,63,63
756,63,63
756,63,63
756,63,63
756,63,63
756,63,63
756,63,63
756,63,63
756,63,63
756,63,63
756,63,63
756,63,63
756,63,63
756,63,63
756,63,63
756,63,63
756,63,63
756,63,63
756,63,63
756,63,63
756,63,63
756,63,63
756,63,63
756,63,63
756,63,63
756,63,63
756,63,63
756,63,63
756,63,63
756,63,63
756,63,63
756,63,63
756,63,63
756,63,63
756,63,63
756,63,63
756,63,63
756,63,63
756,63,63
756,63,63
756,63,63
756,63,63
756,63,63
756,63,63
756,63,63
756,63,63
756,63,63
756,63,63
756,63,63
756,63,63
756,63,63
756,63,63
756,63,63
756,63,63
756,63,63
756,63,63
756,63,63
756,63,63
756,63,63
756,63,63
756,63,63
756,63,63
756,63,63
756,63,63
756,63,63
756,63,63
756,63,63
756,63,63
756,63,63
756,63,63
756,63,63
756,63,63
756,63,63
756,63,63
756,63,63
756,63,63
756,63,63
756,63,63
756,63,63
756,63,63
756,63,63
756,63,63
756,63,63
756,63,63
756,63,63
756,63,63
756,63,63
756,63,63
756,63,63
756,63,63
756,63,63
756,63,63
756,63,63
756,63,63
756,63,63
756,63,63
756,63,63
756,63,63
756,63,63
756,63,63
756,63,63
756,63,63
756,63,63
756,63,63
756,63,63
756,63,63
756,63,63
756,63,63
756,63,63
756,63,63
756,63,63
756,63,63
756,63,63
756,63,63
756,63,63
756,63,63
756,63,63
756,63,63
756,63,63
756,63,63
756,63,63
756,63,63
756,63,63
756,63,63
756,63,63
756,63,63
756,63,63
756,63,63
756,63,63
756,63,63
756,63,63
756,63,63
756,63,63
756,63,63
756,63,63
756,63,63
756,63,63
756,63,63
756,63,63
756,63,63
756,63,63
756,63,63
756,63,63
756,63,63
756,63,63
756,63,63
756,63,63
756,63,63
756,63,63
756,63,63
756,63,63
756,63,63
756,63,63
756,63,63
756,63,63
756,63,63
756,63,63
756,63,63
756,63,63
756,63,63
756,63,63
756,63,63
756,63,63
756,63,63
756,63,63
756,63,63
756,63,63
756,63,63
756,63,63
756,63,63
756,63,63
756,63,63
756,63,63
756,63,63
756,63,63
756,63,63
756,63,63
756,63,63
756,63,63
756,63,63
756,63,63
756,63,63
756,63,63
756,63,63
756,63,63
756,63,63
756,63,63
756,63,63
756,63,63
756,63,63
756,63,63
756,63,63
756,63,63
756,63,63
756,63,63
756,63,63
756,63,63
756,63,63
756,63,63
756,63,63
756,63,63
756,63,63
756,63,63
756,63,63
756,63,63
756,63,63
756,63,63
756,63,63
756,63,63
756,63,63
756,63,63
756,63,63
756,63,63
756,63,63
756,63,63
756,63,63
756,63,63
756,63,63
756,63,63
756,63,63
756,63,63
756,63,63
756,63,63
756,63,63
756,63,63
756,63,63
756,63,63
756,63,63
756,63,63
756,63,63
756,63,63
756,63,63
756,63,63
756,63,63
756,63,63
756,63,63
756,63,63
756,63,63
756,63,63
756,63,63
756,63,63
756,63,63
756,63,63
756,63,63
756,63,63
756,63,63
756,63,63
756,63,63
756,63,63
756,63,63
756,63,63
756,63,63
756,63,63
756,63,63
756,63,63
756,63,63
756,63,63
756,63,63
756,63,63
756,63,63
756,63,63
756,63,63
756,63,63
756,63,63
756,63,63
756,63,63
756,63,63
756,63,63
756,63,63
756,63,63
756,63,63
756,63,63
756,63,63
756,63,63
756,63,63
756,63,63
756,63,63
756,63,63
756,63,63
756,63,63
756,63,63
756,63,63
756,63,63
756,63,63
756,63,63
756,63,63
756,63,63
756,63,63
756,63,63
756,63,63
756,63,63
756,63,63
756,63,63
756,63,63
756,63,63
756,63,63
756,63,63
756,63,63
756,63,63
756,63,63
756,63,63
756,63,63
756,63,63
756,63,63
756,63,63
756,63,63
756,63,63
756,63,63
756,63,63
756,63,63
756,63,63
756,63,63
756,63,63
756,63,63
756,63,63
756,63,63
756,63,63
756,63,63
756,63,63
756,63,63
756,63,63
756,63,63
756,63,63
756,63,63
756,63,63
756,63,63
756,63,63
756,63,63
756,63,63
756,63,63
756,63,63
756,63,63
756,63,63
756,63,63
756,63,63
756,63,63
756,63,63
756,63,63
756,63,63
756,63,63
756,63,63
756,63,63
756,63,63
756,63,63
756,63,63
756,63,63
756,63,63
756,63,63
756,63,63
756,63,63
756,63,63
756,63,63
756,63,63
756,63,63
756,63,63
756,63,63
756,63,63
756,63,63
756,63,63
756,63,63
756,63,63
756,63,63
756,63,63
756,63,63
756,63,63
756,63,63
756,63,63
756,63,63
756,63,63
756,63,63
756,63,63
756,63,63
756,63,63
756,63,63
756,63,63
756,63,63
756,63,63
756,63,63
756,63,63
756,63,63
756,63,63
756,63,63
756,63,63
756,63,63
756,63,63
756,63,63
756,63,63
756,63,63
756,63,63
756,63,63
756,63,63
756,63,63
756,63,63
756,63,63
756,63,63
756,63,63
756,63,63
756,63,63
756,63,63
756,63,63
756,63,63
756,63,63
756,63,63
756,63,63
756,63,63
756,63,63
756,63,63
756,63,63
756,63,63
756,63,63
756,63,63
756,63,63
756,63,63
756,63,63
756,63,63
756,63,63
756,63,63
756,63,63
756,63,63
756,63,63
756,63,63
756,63,63
756,63,63
756,63,63
756,63,63
756,63,63
756,63,63
756,63,63
756,63,63
756,63,63
756,63,63
756,63,63
756,63,63
756,63,63
756,63,63
756,63,63
756,63,63
756,63,63
756,63,63
756,63,63
756,63,63
756,63,63
756,63,63
756,63,63
756,63,63
756,63,63
756,63,63
756,63,63
756,63,63
756,63,63
756,63,63
756,63,63
756,63,63
756,63,63
756,63,63
756,63,63
756,63,63
756,63,63
756,63,63
756,63,63
756,63,63
756,63,63
756,63,63
756,63,63
756,63,63
756,63,63
756,63,63
756,63,63
756,63,63
756,63,63
756,63,63
756,63,63
756,63,63
756,63,63
756,63,63
756,63,63
756,63,63
756,63,63
756,63,63
756,63,63
756,63,63
756,63,63
756,63,63
756,63,63
756,63,63
756,63,63
756,63,63
756,63,63
756,63,63
756,63,63
756,63,63
756,63,63
756,63,63
756,63,63
756,63,63
756,63,63
756,63,63
756,63,63
756,63,63
756,63,63
756,63,63
756,63,63
756,63,63
756,63,63
756,63,63
756,63,63
756,63,63
756,63,63
756,63,63
756,63,63
756,63,63
756,63,63
756,63,63
756,63,63
756,63,63
756,63,63
756,63,63
756,63,63
756,63,63
756,63,63
756,63,63
756,63,63
756,63,63
756,63,63
756,63,63
756,63,63
756,63,63
756,63,63
756,63,63
756,63,63
756,63,63
756,63,63
756,63,63
756,63,63
756,63,63
756,63,63
756,63,63
756,63,63
756,63,63
756,63,63
756,63,63
756,63,63
756,63,63
756,63,63
756,63,63
756,63,63
756,63,63
756,63,63
756,63,63
756,63,63
756,63,63
756,63,63
756,63,63
756,63,63
756,63,63
756,63,63
756,63,63
756,63,63
756,63,63
756,63,63
756,63,63
756,63,63
756,63,63
756,63,63
756,63,63
756,63,63
756,63,63
756,63,63
756,63,63
756,63,63
756,63,63
756,63,63
756,63,63
756,63,63
756,63,63
756,63,63
756,63,63
756,63,63
756,63,63
756,63,63
756,63,63
756,63,63
756,63,63
756,63,63
6,3,3
15,6,6
15,6,6
15,6,6
15,6,6
15,6,6
15,6,6
15,6,6
15,6,6
15,6,6
15,6,6
0,0,0
0,0,0
162,27,27
162,27,27
162,27,27
162,27,27
162,27,27
162,27,27
162,27,27
162,27,27
162,27,27
162,27,27
162,27,27
162,27,27
162,27,27
162,27,27
162,27,27
162,27,27
162,27,27
162,27,27
162,27,27
162,27,27
162,27,27
162,27,27
162,27,27
162,27,27
162,27,27
162,27,27
162,27,27
162,27,27
162,27,27
162,27,27
162,27,27
162,27,27
162,27,27
162,27,27
162,27,27
162,27,27
0,0,0
17,5,3
162,27,27
162,27,27
162,27,27
162,27,27
162,27,27
162,27,27
162,27,27
162,27,27
162,27,27
162,27,27
0,0,0
6,3,3
6,3,3
6,3,3
20,7,6
19,6,6
18,6,6
21,7,6
17,5,3
231,33,33
231,33,33
231,33,33
231,33,33
231,33,33
231,33,33
231,33,33
231,33,33
231,33,33
231,33,33
231,33,33
231,33,33
231,33,33
231,33,33
231,33,33
231,33,33
231,33,33
231,33,33
231,33,33
231,33,33
231,33,33
231,33,33
231,33,33
231,33,33
231,33,33
231,33,33
231,33,33
231,33,33
1,0,0
1,0,0
6,3,3
48,12,12
6,3,3
6,3,3
6,3,3
6,3,3
6,3,3
6,3,3
27,9,9
29,9,9
29,9,9
29,9,9
29,9,9
29,9,9
29,9,9
31,10,9
31,10,9
31,10,9
29,9,9
29,9,9
29,9,9
31,10,9
31,10,9
31,10,9
31,10,9
31,10,9
31,10,9
33,12,12
24,6,3
24,6,3
24,6,3
0,0,0
6,3,3
0,0,0
0,0,0
162,27,27
162,27,27
162,27,27
162,27,27
162,27,27
162,27,27
42,12,12
42,12,12
42,12,12
42,12,12
42,12,12
42,12,12
162,27,27
162,27,27
162,27,27
0,0,0
12,5,3
12,5,3
12,5,3
12,5,3
9,3,3
9,3,3
9,3,3
9,3,3
15,6,6
15,6,6
15,6,6
15,6,6
15,6,6
15,6,6
51,15,15
48,13,12
48,13,12
48,13,12
51,15,15
39,9,6
48,13,12
48,13,12
48,13,12
51,15,15
39,9,6
45,12,12
45,12,12
48,13,12
45,12,12
48,13,12
48,13,12
39,9,6
15,6,6
0,0,0
19,7,6
19,7,6
21,9,9
16,5,3
16,5,3
15,6,6
15,6,6
15,6,6
15,6,6
15,6,6
15,6,6
15,6,6
15,6,6
15,6,6
15,6,6
2,1,0
2,1,0
19,7,6
15,6,6
15,6,6
15,6,6
15,6,6
15,6,6
0,0,0
3,0,0
43,12,12
42,12,12
42,12,12
42,12,12
0,0,0
162,27,27
81,18,18
16,5,3
0,0,0
0,0,0
0,0,0
195,30,30
15,6,6
60,15,15
60,15,15
60,15,15
81,18,18
81,18,18
81,18,18
81,18,18
81,18,18
81,18,18
81,18,18
81,18,18
81,18,18
81,18,18
81,18,18
81,18,18
81,18,18
81,18,18
81,18,18
81,18,18
81,18,18
81,18,18
81,18,18
81,18,18
81,18,18
313,39,36
288,31,18
343,41,39
285,29,18
346,41,39
321,38,36
286,31,18
319,38,36
6,3,3
6,3,3
6,3,3
6,3,3
23,10,9
0,0,0
16,4,0
0,0,0
42,12,12
42,12,12
42,12,12
42,12,12
42,12,12
42,12,12
42,12,12
42,12,12
42,12,12
42,12,12
42,12,12
42,12,12
42,12,12
42,12,12
42,12,12
42,12,12
42,12,12
42,12,12
42,12,12
42,12,12
42,12,12
42,12,12
42,12,12
42,12,12
42,12,12
42,12,12
42,12,12
42,12,12
42,12,12
42,12,12
42,12,12
42,12,12
42,12,12
42,12,12
42,12,12
231,33,33
231,33,33
231,33,33
231,33,33
231,33,33
231,33,33
231,33,33
231,33,33
231,33,33
231,33,33
231,33,33
231,33,33
231,33,33
231,33,33
231,33,33
231,33,33
231,33,33
231,33,33
231,33,33
231,33,33
231,33,33
231,33,33
231,33,33
231,33,33
231,33,33
231,33,33
231,33,33
231,33,33
231,33,33
231,33,33
231,33,33
231,33,33
231,33,33
231,33,33
231,33,33
231,33,33
231,33,33
231,33,33
231,33,33
231,33,33
231,33,33
231,33,33
231,33,33
231,33,33
231,33,33
231,33,33
231,33,33
231,33,33
231,33,33
231,33,33
231,33,33
231,33,33
231,33,33
231,33,33
231,33,33
231,33,33
231,33,33
231,33,33
231,33,33
231,33,33
231,33,33
231,33,33
231,33,33
231,33,33
231,33,33
231,33,33
231,33,33
231,33,33
231,33,33
231,33,33
231,33,33
231,33,33
231,33,33
231,33,33
231,33,33
231,33,33
231,33,33
231,33,33
231,33,33
231,33,33
231,33,33
231,33,33
231,33,33
231,33,33
231,33,33
231,33,33
231,33,33
231,33,33
231,33,33
231,33,33
231,33,33
231,33,33
231,33,33
231,33,33
231,33,33
231,33,33
231,33,33
231,33,33
231,33,33
231,33,33
231,33,33
231,33,33
231,33,33
231,33,33
231,33,33
231,33,33
231,33,33
231,33,33
231,33,33
231,33,33
231,33,33
231,33,33
231,33,33
231,33,33
231,33,33
231,33,33
231,33,33
231,33,33
231,33,33
231,33,33
231,33,33
231,33,33
231,33,33
231,33,33
231,33,33
231,33,33
231,33,33
231,33,33
231,33,33
231,33,33
231,33,33
231,33,33
231,33,33
231,33,33
231,33,33
231,33,33
231,33,33
231,33,33
231,33,33
231,33,33
231,33,33
15,6,6
15,6,6
15,6,6
15,6,6
15,6,6
15,6,6
15,6,6
15,6,6
15,6,6
15,6,6
231,33,33
231,33,33
231,33,33
231,33,33
231,33,33
231,33,33
231,33,33
231,33,33
231,33,33
231,33,33
231,33,33
231,33,33
231,33,33
231,33,33
231,33,33
0,0,0
17,7,6
16,6,6
16,6,6
84,18,18
81,18,18
81,18,18
81,18,18
81,18,18
81,18,18
84,18,18
84,18,18
84,18,18
84,18,18
84,18,18
81,18,18
81,18,18
81,18,18
81,18,18
81,18,18
81,18,18
81,18,18
81,18,18
81,18,18
81,18,18
84,18,18
84,18,18
84,18,18
84,18,18
84,18,18
81,18,18
81,18,18
81,18,18
81,18,18
81,18,18
81,18,18
81,18,18
81,18,18
81,18,18
81,18,18
84,18,18
84,18,18
84,18,18
84,18,18
84,18,18
84,18,18
84,18,18
84,18,18
84,18,18
84,18,18
81,18,18
81,18,18
81,18,18
81,18,18
81,18,18
81,18,18
81,18,18
81,18,18
81,18,18
81,18,18
0,0,0
6,3,3
6,3,3
6,3,3
0,0,0
0,0,0
15,6,6
15,6,6
15,6,6
15,6,6
15,6,6
15,6,6
15,6,6
15,6,6
15,6,6
15,6,6
0,0,0
0,0,0
0,0,0
6,3,3
162,27,27
162,27,27
162,27,27
162,27,27
162,27,27
162,27,27
162,27,27
162,27,27
162,27,27
162,27,27
162,27,27
162,27,27
162,27,27
162,27,27
162,27,27
162,27,27
162,27,27
162,27,27
162,27,27
162,27,27
162,27,27
162,27,27
162,27,27
162,27,27
162,27,27
162,27,27
162,27,27
162,27,27
162,27,27
162,27,27
162,27,27
162,27,27
162,27,27
162,27,27
162,27,27
162,27,27
162,27,27
162,27,27
162,27,27
162,27,27
162,27,27
162,27,27
162,27,27
162,27,27
162,27,27
162,27,27
162,27,27
162,27,27
162,27,27
162,27,27
162,27,27
162,27,27
162,27,27
162,27,27
162,27,27
162,27,27
162,27,27
162,27,27
162,27,27
162,27,27
162,27,27
162,27,27
162,27,27
162,27,27
162,27,27
162,27,27
162,27,27
162,27,27
162,27,27
162,27,27
162,27,27
162,27,27
162,27,27
162,27,27
162,27,27
162,27,27
162,27,27
162,27,27
162,27,27
162,27,27
162,27,27
162,27,27
162,27,27
162,27,27
162,27,27
162,27,27
162,27,27
162,27,27
162,27,27
162,27,27
162,27,27
162,27,27
162,27,27
162,27,27
162,27,27
162,27,27
162,27,27
162,27,27
162,27,27
162,27,27
0,0,0
0,0,0
48,13,12
48,13,12
48,13,12
51,15,15
39,9,6
45,12,12
45,12,12
48,13,12
45,12,12
48,13,12
48,13,12
39,9,6
45,12,12
45,12,12
48,13,12
45,12,12
48,13,12
48,13,12
39,9,6
42,12,12
45,12,12
45,12,12
45,12,12
162,27,27
162,27,27
162,27,27
162,27,27
162,27,27
162,27,27
162,27,27
162,27,27
162,27,27
162,27,27
162,27,27
162,27,27
162,27,27
162,27,27
162,27,27
162,27,27
162,27,27
162,27,27
162,27,27
162,27,27
162,27,27
162,27,27
162,27,27
162,27,27
162,27,27
162,27,27
162,27,27
162,27,27
6,3,3
0,0,0
6,3,3
6,3,3
6,3,3
6,3,3
231,33,33
231,33,33
231,33,33
231,33,33
231,33,33
231,33,33
231,33,33
231,33,33
231,33,33
231,33,33
0,0,0
132,24,24
132,24,24
132,24,24
132,24,24
132,24,24
132,24,24
132,24,24
132,24,24
132,24,24
132,24,24
132,24,24
132,24,24
132,24,24
132,24,24
132,24,24
42,12,12
0,0,0
0,0,0
19,7,6
19,7,6
17,6,6
17,6,6
81,18,18
81,18,18
81,18,18
81,18,18
81,18,18
81,18,18
81,18,18
81,18,18
81,18,18
81,18,18
81,18,18
81,18,18
81,18,18
81,18,18
81,18,18
12,3,0
17,7,6
6,3,3
6,3,3
6,3,3
6,3,3
15,6,6
15,6,6
15,6,6
15,6,6
0,0,0
6,3,3
6,3,3
6,3,3
6,3,3
163,30,30
145,24,21
170,31,30
145,24,21
163,30,30
145,24,21
151,25,21
137,22,18
137,22,18
145,24,21
170,31,30
145,24,21
163,30,30
145,24,21
151,25,21
137,22,18
137,22,18
152,25,21
127,21,21
145,24,21
127,21,21
133,22,21
152,25,21
170,31,30
152,25,21
158,29,24
122,15,6
144,23,18
144,23,18
145,24,21
127,21,21
133,22,21
145,24,21
151,25,21
137,22,18
137,22,18
133,22,21
111,18,18
141,24,21
166,30,30
141,24,21
159,30,30
141,24,21
147,24,21
133,22,18
133,22,18
148,24,21
123,21,21
141,24,21
123,21,21
129,21,21
148,24,21
166,30,30
148,24,21
154,27,21
140,22,18
140,22,18
141,24,21
123,21,21
129,21,21
141,24,21
147,24,21
133,22,18
133,22,18
129,21,21
107,18,18
148,24,21
123,21,21
141,24,21
123,21,21
129,21,21
148,24,21
166,30,30
148,24,21
154,27,21
140,22,18
140,22,18
141,24,21
123,21,21
129,21,21
141,24,21
147,24,21
133,22,18
133,22,18
129,21,21
107,18,18
130,21,21
148,24,21
130,21,21
136,24,21
123,21,21
105,21,21
111,21,21
123,21,21
129,21,21
111,21,21
148,24,21
130,21,21
136,24,21
148,24,21
154,27,21
140,22,18
140,22,18
136,24,21
103,12,3
103,12,3
64,3,3
114,18,18
123,21,21
129,21,21
111,21,21
129,21,21
107,18,18
45,3,3
0,0,0
0,0,0
6,3,3
0,0,0
0,0,0
0,0,0
15,6,6
15,6,6
15,6,6
15,6,6
0,0,0
27,9,9
27,9,9
27,9,9
27,9,9
27,9,9
27,9,9
27,9,9
27,9,9
27,9,9
27,9,9
27,9,9
27,9,9
27,9,9
27,9,9
27,9,9
27,9,9
81,18,18
81,18,18
81,18,18
81,18,18
81,18,18
81,18,18
81,18,18
81,18,18
81,18,18
81,18,18
81,18,18
81,18,18
81,18,18
81,18,18
81,18,18
81,18,18
81,18,18
81,18,18
81,18,18
81,18,18
162,27,27
162,27,27
162,27,27
162,27,27
162,27,27
162,27,27
162,27,27
162,27,27
162,27,27
162,27,27
162,27,27
162,27,27
162,27,27
162,27,27
162,27,27
162,27,27
162,27,27
162,27,27
162,27,27
162,27,27
162,27,27
162,27,27
162,27,27
162,27,27
162,27,27
162,27,27
162,27,27
162,27,27
162,27,27
162,27,27
162,27,27
162,27,27
162,27,27
162,27,27
162,27,27
162,27,27
162,27,27
162,27,27
162,27,27
162,27,27
162,27,27
162,27,27
162,27,27
162,27,27
162,27,27
162,27,27
162,27,27
162,27,27
162,27,27
162,27,27
162,27,27
162,27,27
162,27,27
162,27,27
162,27,27
162,27,27
74,15,15
0,0,0
162,27,27
162,27,27
162,27,27
162,27,27
162,27,27
162,27,27
162,27,27
162,27,27
162,27,27
162,27,27
162,27,27
162,27,27
162,27,27
162,27,27
162,27,27
162,27,27
162,27,27
162,27,27
162,27,27
162,27,27
162,27,27
162,27,27
162,27,27
162,27,27
162,27,27
162,27,27
162,27,27
162,27,27
162,27,27
162,27,27
162,27,27
162,27,27
162,27,27
162,27,27
162,27,27
162,27,27
162,27,27
162,27,27
162,27,27
162,27,27
162,27,27
162,27,27
162,27,27
162,27,27
162,27,27
162,27,27
162,27,27
162,27,27
162,27,27
162,27,27
162,27,27
162,27,27
162,27,27
162,27,27
162,27,27
162,27,27
162,27,27
162,27,27
162,27,27
162,27,27
162,27,27
162,27,27
162,27,27
162,27,27
162,27,27
162,27,27
162,27,27
162,27,27
162,27,27
162,27,27
162,27,27
162,27,27
162,27,27
162,27,27
162,27,27
162,27,27
162,27,27
162,27,27
162,27,27
162,27,27
162,27,27
162,27,27
162,27,27
162,27,27
162,27,27
162,27,27
162,27,27
162,27,27
162,27,27
162,27,27
162,27,27
162,27,27
162,27,27
162,27,27
162,27,27
162,27,27
162,27,27
162,27,27
162,27,27
162,27,27
162,27,27
162,27,27
162,27,27
162,27,27
162,27,27
162,27,27
162,27,27
162,27,27
162,27,27
162,27,27
162,27,27
162,27,27
162,27,27
162,27,27
162,27,27
162,27,27
162,27,27
162,27,27
162,27,27
162,27,27
231,33,33
231,33,33
231,33,33
231,33,33
231,33,33
231,33,33
231,33,33
231,33,33
231,33,33
231,33,33
6,3,3
231,33,33
231,33,33
231,33,33
231,33,33
231,33,33
231,33,33
231,33,33
231,33,33
231,33,33
231,33,33
231,33,33
231,33,33
231,33,33
231,33,33
231,33,33
231,33,33
231,33,33
231,33,33
231,33,33
231,33,33
231,33,33
231,33,33
231,33,33
231,33,33
231,33,33
231,33,33
231,33,33
231,33,33
231,33,33
231,33,33
231,33,33
231,33,33
231,33,33
231,33,33
231,33,33
231,33,33
231,33,33
231,33,33
231,33,33
231,33,33
231,33,33
231,33,33
231,33,33
231,33,33
231,33,33
231,33,33
231,33,33
231,33,33
231,33,33
231,33,33
231,33,33
231,33,33
231,33,33
231,33,33
231,33,33
231,33,33
231,33,33
231,33,33
231,33,33
231,33,33
231,33,33
231,33,33
231,33,33
231,33,33
231,33,33
231,33,33
231,33,33
231,33,33
231,33,33
231,33,33
231,33,33
231,33,33
231,33,33
231,33,33
231,33,33
231,33,33
231,33,33
231,33,33
231,33,33
231,33,33
231,33,33
231,33,33
231,33,33
231,33,33
231,33,33
231,33,33
231,33,33
231,33,33
231,33,33
231,33,33
231,33,33
231,33,33
231,33,33
231,33,33
231,33,33
231,33,33
231,33,33
231,33,33
231,33,33
231,33,33
231,33,33
231,33,33
231,33,33
231,33,33
231,33,33
231,33,33
231,33,33
231,33,33
231,33,33
231,33,33
231,33,33
231,33,33
231,33,33
231,33,33
231,33,33
231,33,33
231,33,33
231,33,33
231,33,33
231,33,33
231,33,33
231,33,33
231,33,33
231,33,33
231,33,33
231,33,33
231,33,33
231,33,33
231,33,33
231,33,33
231,33,33
231,33,33
231,33,33
231,33,33
231,33,33
231,33,33
231,33,33
231,33,33
231,33,33
231,33,33
231,33,33
231,33,33
231,33,33
231,33,33
231,33,33
231,33,33
231,33,33
231,33,33
231,33,33
231,33,33
231,33,33
231,33,33
231,33,33
231,33,33
231,33,33
231,33,33
231,33,33
231,33,33
231,33,33
231,33,33
231,33,33
231,33,33
231,33,33
231,33,33
231,33,33
2,1,0
2,1,0
0,0,0
6,3,3
6,3,3
6,3,3
6,3,3
15,6,6
0,0,0
0,0,0
15,6,6
15,6,6
15,6,6
15,6,6
15,6,6
15,6,6
15,6,6
15,6,6
15,6,6
15,6,6
60,15,15
132,24,24
132,24,24
132,24,24
132,24,24
132,24,24
132,24,24
132,24,24
132,24,24
132,24,24
132,24,24
132,24,24
132,24,24
132,24,24
132,24,24
132,24,24
132,24,24
132,24,24
132,24,24
132,24,24
132,24,24
6,3,3
15,6,6
2,1,0
2,1,0
0,0,0
0,0,0
6,3,3
15,6,6
15,6,6
15,6,6
15,6,6
15,6,6
15,6,6
105,21,21
105,21,21
105,21,21
105,21,21
105,21,21
105,21,21
105,21,21
105,21,21
105,21,21
105,21,21
105,21,21
105,21,21
105,21,21
105,21,21
105,21,21
105,21,21
105,21,21
105,21,21
105,21,21
105,21,21
105,21,21
105,21,21
105,21,21
105,21,21
105,21,21
105,21,21
105,21,21
105,21,21
105,21,21
105,21,21
105,21,21
105,21,21
105,21,21
105,21,21
105,21,21
105,21,21
105,21,21
105,21,21
105,21,21
105,21,21
105,21,21
105,21,21
105,21,21
105,21,21
105,21,21
105,21,21
105,21,21
105,21,21
105,21,21
105,21,21
105,21,21
105,21,21
105,21,21
105,21,21
105,21,21
105,21,21
105,21,21
105,21,21
105,21,21
105,21,21
105,21,21
105,21,21
105,21,21
105,21,21
105,21,21
105,21,21
105,21,21
105,21,21
105,21,21
105,21,21
105,21,21
105,21,21
105,21,21
105,21,21
105,21,21
105,21,21
105,21,21
105,21,21
105,21,21
105,21,21
105,21,21
105,21,21
105,21,21
105,21,21
27,9,9
27,9,9
27,9,9
27,9,9
0,0,0
27,9,9
15,6,6
0,0,0
105,21,21
105,21,21
105,21,21
105,21,21
0,0,0
14,3,0
19,7,6
19,7,6
16,6,6
15,6,6
15,6,6
15,6,6
15,6,6
15,6,6
6,3,3
0,0,0
18,6,6
27,9,9
27,9,9
27,9,9
27,9,9
27,9,9
27,9,9
27,9,9
27,9,9
27,9,9
27,9,9
